user_id,user_name,gender,age,city,register_time,register_channel,user_level,status,update_time,dt
1,jiangjing,男,53,永安县,2025-05-21 21:58:22,5,1,正常,2025-06-04 04:00:45,2025-07-31
2,oma,未知,56,六盘水县,2024-12-13 18:18:50,4,1,正常,2025-05-17 17:35:43,2025-07-31
3,songyan,女,62,南昌县,2024-10-11 20:57:47,3,2,正常,2025-01-26 08:35:31,2025-07-31
4,yanzeng,未知,42,重庆市,2025-02-19 23:05:37,1,2,正常,2025-02-21 23:01:08,2025-07-31
5,min74,未知,58,瑜县,2025-01-18 20:09:24,3,3,正常,2025-06-25 09:03:33,2025-07-31
6,wuguiying,男,48,淑珍市,2025-07-01 16:58:45,1,1,正常,2025-07-26 15:45:57,2025-07-31
7,changjie,未知,55,西安市,2025-07-11 18:15:16,2,4,正常,2025-07-27 21:05:03,2025-07-31
8,jingtao,男,33,建华市,2024-10-12 22:50:36,5,1,正常,2025-05-21 09:53:12,2025-07-31
9,wwan,男,44,龙县,2025-01-12 06:33:11,2,3,正常,2025-05-27 20:39:07,2025-07-31
10,yan25,女,53,琴县,2025-07-30 13:28:16,3,1,正常,2025-07-31 00:19:20,2025-07-31
11,qinchao,未知,47,呼和浩特市,2024-09-23 23:26:23,4,5,正常,2025-07-25 16:38:12,2025-07-31
12,yaona,男,65,福州县,2025-06-05 19:11:39,2,3,正常,2025-07-04 16:36:01,2025-07-31
13,yongtan,女,18,建华县,2024-09-03 07:11:53,1,4,正常,2024-12-15 06:28:16,2025-07-31
14,qdai,女,57,军县,2025-06-16 09:01:36,1,3,正常,2025-07-14 20:13:41,2025-07-31
15,dchen,未知,28,建军县,2025-06-01 11:47:04,2,2,正常,2025-07-12 08:57:00,2025-07-31
16,wei58,男,30,辉县,2024-09-13 03:08:05,5,5,正常,2025-03-06 19:05:31,2025-07-31
17,asong,男,30,淮安市,2025-02-24 21:24:25,3,1,正常,2025-04-16 13:09:26,2025-07-31
18,yanqiang,女,19,嘉禾县,2025-06-13 05:24:20,4,3,正常,2025-07-23 20:04:58,2025-07-31
19,huangyan,女,61,银川市,2025-04-18 01:59:41,4,4,正常,2025-05-01 12:51:52,2025-07-31
20,lei72,未知,33,斌县,2025-05-05 04:00:25,3,5,正常,2025-05-10 14:00:45,2025-07-31
21,tao06,未知,59,成都市,2025-02-11 14:16:15,2,3,正常,2025-05-26 15:31:42,2025-07-31
22,xiaye,未知,52,长沙县,2025-02-12 07:27:14,1,5,正常,2025-05-11 13:37:53,2025-07-31
23,yang46,未知,34,彬市,2025-03-19 06:16:26,4,3,正常,2025-06-13 11:16:06,2025-07-31
24,zhengfang,男,41,嘉禾市,2025-06-05 00:52:03,4,5,正常,2025-07-22 18:14:14,2025-07-31
25,jing84,未知,19,杭州市,2024-12-19 14:11:56,5,4,正常,2025-01-14 17:27:29,2025-07-31
26,yinchao,女,59,强市,2025-05-27 23:27:40,5,3,正常,2025-06-17 00:44:36,2025-07-31
27,lei65,男,35,娟县,2024-10-27 03:51:08,1,5,正常,2024-12-10 21:15:21,2025-07-31
28,xiuyingxia,男,24,郑州市,2025-03-25 19:29:35,1,1,正常,2025-06-28 16:18:36,2025-07-31
29,chengxiulan,男,24,芳市,2024-11-27 08:15:23,4,1,正常,2025-02-17 07:04:23,2025-07-31
30,fbai,未知,50,小红市,2025-03-01 17:04:37,1,4,正常,2025-03-09 16:09:57,2025-07-31
31,guiying36,女,18,太原市,2024-12-04 09:49:32,2,4,正常,2025-07-08 07:08:21,2025-07-31
32,bjiang,男,40,淮安市,2024-08-28 00:18:20,5,4,正常,2024-09-12 13:53:52,2025-07-31
33,pzhu,女,21,马鞍山市,2025-06-02 16:38:15,2,3,正常,2025-07-09 22:17:08,2025-07-31
34,yan17,男,27,北镇县,2024-12-11 00:21:00,3,5,正常,2025-06-13 00:42:59,2025-07-31
35,sujing,女,54,哈尔滨县,2025-05-10 21:00:58,4,2,正常,2025-07-11 20:43:02,2025-07-31
36,mingliao,男,64,楠市,2024-11-03 14:23:23,1,3,正常,2025-02-04 20:08:55,2025-07-31
37,ming61,未知,53,汕尾市,2025-06-12 22:29:26,5,3,正常,2025-06-26 21:21:46,2025-07-31
38,myan,未知,33,桂荣市,2025-07-30 07:54:44,5,3,正常,2025-07-30 22:24:44,2025-07-31
39,xiazhou,未知,42,西宁市,2024-10-03 21:59:30,4,4,正常,2025-03-01 04:26:14,2025-07-31
40,lpan,男,25,兴安盟市,2025-06-16 12:25:04,5,5,正常,2025-07-28 10:24:45,2025-07-31
41,yan64,未知,54,长春市,2025-05-14 11:22:21,3,3,正常,2025-05-28 19:40:47,2025-07-31
42,jun97,女,36,武汉县,2024-09-23 08:24:32,3,4,正常,2024-11-26 06:11:55,2025-07-31
43,djia,未知,38,博市,2025-01-19 12:50:07,3,4,正常,2025-06-27 07:16:09,2025-07-31
44,leiping,男,55,刚县,2024-10-14 06:38:23,1,3,正常,2024-10-22 19:34:53,2025-07-31
45,qiang77,男,52,桂荣县,2025-01-25 23:41:51,1,1,正常,2025-07-05 01:45:27,2025-07-31
46,fang16,女,20,萍市,2024-12-05 06:50:59,2,1,正常,2025-06-07 03:41:20,2025-07-31
47,jiedu,未知,28,海燕市,2025-02-04 06:18:36,2,5,正常,2025-03-16 03:43:05,2025-07-31
48,yongliang,男,41,六安市,2024-09-06 00:48:17,5,1,正常,2025-03-31 05:45:32,2025-07-31
49,fanmin,女,28,健市,2024-11-13 08:34:53,3,1,正常,2025-04-12 12:25:36,2025-07-31
50,gangliu,女,34,银川市,2025-03-13 21:21:01,5,4,正常,2025-04-21 14:46:51,2025-07-31
51,vmeng,男,31,亮市,2025-06-01 10:49:46,1,4,正常,2025-07-22 16:36:53,2025-07-31
52,esun,男,27,辛集市,2024-08-17 09:38:02,4,3,正常,2025-01-17 06:10:14,2025-07-31
53,xiayong,男,39,辽阳市,2025-03-03 09:43:34,1,4,正常,2025-05-07 10:07:15,2025-07-31
54,fkong,未知,61,太原市,2024-10-25 05:08:02,4,5,正常,2025-07-12 11:02:12,2025-07-31
55,xkong,男,50,郑州县,2025-05-20 03:27:10,2,1,正常,2025-05-24 02:24:03,2025-07-31
56,qiangliu,未知,46,鹏市,2024-08-20 17:55:10,4,1,正常,2025-07-01 10:07:49,2025-07-31
57,xiaochao,男,22,荣县,2025-07-01 10:02:33,3,4,正常,2025-07-13 11:40:39,2025-07-31
58,dxue,男,19,亮县,2025-03-30 15:58:18,4,4,正常,2025-06-16 04:40:29,2025-07-31
59,gaoyong,女,31,海燕市,2024-12-01 11:18:27,3,2,正常,2025-04-19 04:01:00,2025-07-31
60,lsong,男,34,潮州市,2024-10-10 21:51:48,1,5,正常,2025-03-09 02:36:27,2025-07-31
61,chaoluo,女,33,通辽市,2025-02-01 16:31:31,5,4,正常,2025-06-24 08:46:28,2025-07-31
62,shigang,男,35,昆明县,2025-01-02 02:53:35,3,3,正常,2025-07-04 09:05:00,2025-07-31
63,yong71,未知,31,萍县,2025-03-26 05:47:11,4,5,正常,2025-04-10 07:13:34,2025-07-31
64,weichao,女,18,沈阳市,2024-11-02 00:35:10,5,2,正常,2025-02-24 22:08:33,2025-07-31
65,gsun,女,55,福州县,2025-05-30 22:22:29,3,2,正常,2025-07-18 09:11:51,2025-07-31
66,leizheng,未知,50,六安县,2025-07-19 08:17:47,1,4,正常,2025-07-22 14:30:55,2025-07-31
67,sunmin,男,50,潜江县,2025-01-12 18:47:28,4,1,正常,2025-04-27 00:57:38,2025-07-31
68,na20,男,43,大冶县,2024-12-19 15:21:38,2,1,正常,2025-04-09 12:03:12,2025-07-31
69,li69,未知,22,桂荣县,2024-09-30 13:13:51,1,4,正常,2025-04-28 09:15:18,2025-07-31
70,juan04,男,42,兰州县,2024-08-11 16:31:36,4,2,正常,2025-07-13 20:17:24,2025-07-31
71,na79,女,49,金凤县,2024-12-25 02:03:39,4,5,正常,2025-02-13 08:52:57,2025-07-31
72,ehu,女,22,欣县,2024-12-02 02:19:54,3,2,正常,2025-05-26 08:55:52,2025-07-31
73,xiuying48,未知,51,红霞县,2024-09-25 21:50:39,1,2,正常,2024-10-05 23:56:48,2025-07-31
74,ydai,未知,26,昆明县,2025-06-18 13:38:33,5,1,正常,2025-07-02 10:52:52,2025-07-31
75,qdong,男,31,福州市,2025-05-13 13:30:54,1,3,正常,2025-07-29 07:32:37,2025-07-31
76,yitao,男,45,丹市,2024-12-21 11:13:50,4,1,正常,2025-04-10 01:41:41,2025-07-31
77,ezhu,女,52,磊市,2025-03-20 16:38:17,5,5,正常,2025-05-18 12:57:05,2025-07-31
78,oli,女,61,拉萨县,2024-09-17 02:40:30,3,4,正常,2025-04-04 03:45:55,2025-07-31
79,tding,男,64,英市,2025-05-04 01:05:21,2,3,正常,2025-07-07 03:36:40,2025-07-31
80,ecui,男,62,关岭县,2025-03-25 15:11:42,3,2,正常,2025-05-16 09:58:10,2025-07-31
81,hguo,男,56,玲市,2024-12-20 19:49:50,4,3,正常,2025-04-15 20:06:08,2025-07-31
82,chao15,女,51,宁德县,2025-07-31 02:16:38,4,5,正常,2025-07-31 10:49:35,2025-07-31
83,yanwen,男,23,勇市,2025-07-02 02:26:43,3,3,正常,2025-07-08 19:42:22,2025-07-31
84,lei28,男,40,马鞍山县,2025-06-04 04:55:27,4,1,正常,2025-06-13 15:06:03,2025-07-31
85,xqiu,未知,58,华市,2025-03-10 14:07:53,4,3,正常,2025-04-20 21:36:42,2025-07-31
86,xiulan46,女,41,南京县,2024-11-09 07:11:50,2,5,正常,2025-02-16 11:55:01,2025-07-31
87,zhaojuan,女,43,玉英县,2025-06-06 22:55:22,5,3,正常,2025-07-19 04:32:50,2025-07-31
88,liyan,男,30,海口县,2025-04-29 07:55:53,1,1,正常,2025-06-20 02:31:56,2025-07-31
89,li92,男,56,强市,2025-04-13 13:06:18,5,2,正常,2025-06-19 14:42:59,2025-07-31
90,duangang,女,28,东莞市,2025-05-22 01:44:15,1,3,正常,2025-06-16 18:36:45,2025-07-31
91,guiyingding,未知,26,浩县,2025-04-20 04:02:24,3,1,正常,2025-06-21 22:02:25,2025-07-31
92,min46,女,25,潮州市,2025-07-20 19:28:46,4,3,正常,2025-07-20 23:48:38,2025-07-31
93,shenming,男,27,兴安盟县,2025-05-24 05:09:01,5,3,正常,2025-06-11 12:35:07,2025-07-31
94,guiyingmo,未知,19,秀华县,2025-02-28 16:29:24,4,5,正常,2025-05-13 02:35:54,2025-07-31
95,shaoqiang,男,51,西安市,2025-07-24 10:47:40,5,3,正常,2025-07-31 01:36:03,2025-07-31
96,panyang,男,29,六盘水市,2025-04-10 03:06:18,1,3,正常,2025-07-06 11:40:54,2025-07-31
97,xiacai,男,57,合山市,2025-03-04 06:32:45,5,5,正常,2025-07-22 20:54:13,2025-07-31
98,fang76,女,54,桂花市,2024-11-20 10:19:30,5,1,正常,2024-12-08 23:23:51,2025-07-31
99,fzhao,男,49,辽阳市,2025-06-18 03:14:31,3,3,正常,2025-07-23 22:17:49,2025-07-31
100,pingfan,女,25,台北县,2025-07-15 05:17:33,2,2,正常,2025-07-22 12:49:25,2025-07-31
101,taocai,男,65,银川县,2024-12-23 07:41:19,3,2,正常,2025-07-20 17:04:33,2025-07-31
102,xiulan79,未知,20,拉萨市,2025-06-20 04:21:07,2,4,正常,2025-07-20 05:05:27,2025-07-31
103,wei40,男,22,澳门市,2025-04-18 01:12:47,3,1,正常,2025-06-01 18:14:02,2025-07-31
104,yongshao,男,29,太原县,2025-01-04 23:22:35,3,3,正常,2025-07-17 06:42:38,2025-07-31
105,wanyong,男,35,兴城市,2024-09-11 05:09:26,1,4,正常,2024-09-25 19:40:20,2025-07-31
106,glin,男,41,合山县,2025-01-10 18:24:25,3,3,正常,2025-07-16 14:48:30,2025-07-31
107,lidu,男,21,东莞市,2024-10-26 10:27:49,2,1,正常,2025-04-08 01:59:23,2025-07-31
108,kongguiying,女,43,秀兰县,2025-02-01 21:29:36,2,5,正常,2025-07-12 20:34:56,2025-07-31
109,izou,男,49,南昌县,2024-12-24 07:11:02,4,5,正常,2025-03-01 03:29:17,2025-07-31
110,dongxiulan,未知,54,凤兰市,2025-01-23 00:21:21,3,2,正常,2025-07-23 23:15:17,2025-07-31
111,jie50,男,62,凤英市,2025-05-02 20:13:11,4,4,正常,2025-05-31 23:26:49,2025-07-31
112,tanglei,未知,24,阳县,2025-07-23 23:18:12,2,1,正常,2025-07-26 18:54:28,2025-07-31
113,rzhu,女,59,伟县,2025-04-28 10:04:04,1,4,正常,2025-05-12 10:16:52,2025-07-31
114,junduan,未知,31,辉县,2025-02-05 19:24:55,2,2,正常,2025-05-18 22:58:57,2025-07-31
115,xiaoxiulan,未知,39,敏县,2024-09-18 13:18:39,1,1,正常,2025-03-17 20:28:07,2025-07-31
116,li72,男,46,婷婷市,2025-01-08 02:11:27,3,4,正常,2025-02-12 04:01:28,2025-07-31
117,eluo,男,33,楠县,2025-05-18 00:51:00,2,5,正常,2025-05-29 11:54:05,2025-07-31
118,yongqiu,女,54,芳县,2024-10-14 08:48:31,4,4,正常,2025-03-26 05:07:19,2025-07-31
119,kding,男,37,云县,2024-10-15 14:25:59,1,1,正常,2024-11-25 13:49:11,2025-07-31
120,nzou,未知,24,辽阳市,2024-10-02 12:32:41,5,3,正常,2024-11-21 20:19:16,2025-07-31
121,jingdeng,女,48,平县,2024-10-16 22:12:52,3,1,正常,2025-05-07 17:01:25,2025-07-31
122,pjiang,未知,28,龙市,2024-12-31 02:47:51,2,5,正常,2025-02-16 02:28:53,2025-07-31
123,min65,男,65,嘉禾市,2025-04-22 18:03:38,4,5,正常,2025-05-06 12:16:46,2025-07-31
124,juanguo,女,44,齐齐哈尔市,2024-11-04 08:39:43,5,4,正常,2024-11-09 19:03:12,2025-07-31
125,gangzou,女,62,太原县,2024-11-24 01:28:57,4,3,正常,2025-05-14 04:30:35,2025-07-31
126,imo,未知,64,芳市,2025-01-15 00:01:32,3,2,正常,2025-06-17 10:21:09,2025-07-31
127,ppeng,女,44,银川市,2025-02-04 20:46:56,3,2,正常,2025-06-08 13:58:48,2025-07-31
128,chaosu,未知,62,荣市,2024-08-21 03:39:06,1,1,正常,2025-06-16 07:30:13,2025-07-31
129,maowei,女,27,佳市,2024-08-19 09:44:42,4,5,正常,2025-03-06 03:34:01,2025-07-31
130,xiaoxiuying,未知,62,龙市,2025-04-09 17:40:33,1,5,正常,2025-07-26 03:44:04,2025-07-31
131,yanfang,男,48,静县,2024-11-12 22:01:58,5,1,正常,2024-11-27 17:24:29,2025-07-31
132,lcheng,男,65,强市,2025-05-29 21:03:38,1,5,正常,2025-06-29 18:47:46,2025-07-31
133,duanxiuying,女,65,齐齐哈尔市,2025-06-06 00:26:13,2,3,正常,2025-07-06 20:21:45,2025-07-31
134,tyang,女,49,龙县,2024-12-26 07:53:54,1,5,正常,2025-06-22 12:50:15,2025-07-31
135,xiuyingyu,女,43,成都县,2025-05-11 13:43:07,5,3,正常,2025-05-13 10:38:28,2025-07-31
136,qiangzhou,未知,37,海口县,2024-12-28 00:32:31,5,1,正常,2025-03-07 08:29:46,2025-07-31
137,qdong,未知,46,兰英县,2024-12-04 20:15:50,3,3,正常,2024-12-17 11:04:34,2025-07-31
138,leixue,男,20,波县,2025-02-22 22:40:31,5,5,正常,2025-07-27 00:09:30,2025-07-31
139,xia89,男,53,璐市,2024-10-01 02:11:09,1,4,正常,2025-03-06 10:01:05,2025-07-31
140,yangye,女,50,秀英市,2024-08-19 17:15:53,1,5,正常,2025-01-16 23:14:24,2025-07-31
141,zfan,男,44,平市,2024-11-10 15:31:45,5,2,正常,2024-11-11 23:04:44,2025-07-31
142,jyi,未知,21,帆县,2024-11-24 17:19:18,4,5,正常,2025-01-30 19:36:50,2025-07-31
143,mingxia,女,32,明市,2024-11-09 10:15:10,2,5,正常,2025-06-29 04:50:42,2025-07-31
144,qiang91,女,51,武汉市,2024-12-03 16:48:08,3,3,正常,2025-01-02 03:22:07,2025-07-31
145,kpeng,男,60,福州市,2024-10-01 05:15:08,1,4,正常,2024-10-26 18:17:52,2025-07-31
146,taoshen,女,54,香港县,2025-07-05 06:54:29,1,1,正常,2025-07-15 21:59:02,2025-07-31
147,yinxia,女,47,香港市,2025-01-11 22:15:32,1,3,正常,2025-04-10 19:16:05,2025-07-31
148,li10,未知,28,娟县,2025-05-18 02:38:50,3,2,正常,2025-05-20 21:01:19,2025-07-31
149,xiagao,女,22,玉珍市,2024-11-18 04:36:33,1,1,正常,2025-03-31 16:26:58,2025-07-31
150,pingzhao,女,61,柳州县,2024-08-14 16:07:28,2,5,正常,2025-07-28 09:44:40,2025-07-31
151,tshi,未知,42,通辽县,2025-04-19 22:40:05,1,4,正常,2025-06-11 06:42:47,2025-07-31
152,gyuan,未知,52,雷市,2025-01-27 05:15:42,4,1,正常,2025-03-15 08:06:36,2025-07-31
153,hefang,男,22,宜都市,2024-10-09 13:25:12,5,4,正常,2024-10-30 09:45:18,2025-07-31
154,jinjing,女,21,刚市,2025-02-19 15:39:13,3,1,正常,2025-03-29 01:43:22,2025-07-31
155,lujie,未知,59,丹丹市,2025-03-16 19:58:47,3,4,正常,2025-04-07 07:25:48,2025-07-31
156,lishao,男,42,丽娟市,2024-10-19 22:49:11,4,2,正常,2025-06-22 07:20:13,2025-07-31
157,ping06,女,29,关岭县,2024-09-13 00:15:51,1,1,正常,2025-04-15 11:00:56,2025-07-31
158,xiulan97,男,43,建县,2025-05-06 08:37:25,5,1,正常,2025-05-10 06:55:41,2025-07-31
159,fang06,男,50,冬梅市,2025-06-25 23:19:25,5,5,正常,2025-06-27 03:08:33,2025-07-31
160,kongfang,女,45,柳县,2025-07-06 18:09:02,1,5,正常,2025-07-14 15:33:20,2025-07-31
161,nazou,男,32,北镇县,2024-12-26 13:25:38,5,3,正常,2025-04-30 20:49:14,2025-07-31
162,szheng,未知,60,淑英市,2024-10-28 06:23:41,4,1,正常,2025-02-17 06:53:01,2025-07-31
163,pdu,女,48,沈阳县,2025-04-10 16:07:57,1,4,正常,2025-05-19 01:50:36,2025-07-31
164,xiuyingduan,未知,23,建县,2024-12-11 15:20:22,5,4,正常,2025-02-05 13:52:59,2025-07-31
165,pinggu,男,28,西安市,2024-09-09 11:12:57,2,2,正常,2025-02-21 02:42:33,2025-07-31
166,juankong,男,21,南宁市,2024-10-16 22:26:04,3,5,正常,2024-11-13 05:33:02,2025-07-31
167,qianxiuying,未知,64,秀梅市,2025-02-05 10:11:20,1,1,正常,2025-02-12 07:22:17,2025-07-31
168,hantao,男,56,潜江县,2024-09-10 07:09:20,2,2,正常,2025-04-01 23:22:02,2025-07-31
169,weiqiang,女,36,娟县,2025-03-02 23:09:59,3,5,正常,2025-06-08 16:03:38,2025-07-31
170,yonggao,女,56,汕尾市,2025-07-09 23:43:47,4,4,正常,2025-07-23 18:31:55,2025-07-31
171,juan20,女,44,秀珍县,2025-07-21 13:39:22,4,5,正常,2025-07-23 15:54:28,2025-07-31
172,na54,女,21,梧州县,2025-01-04 19:59:32,1,3,正常,2025-05-21 18:07:44,2025-07-31
173,junren,女,54,宜都县,2024-12-06 13:23:54,5,2,正常,2025-07-08 12:09:32,2025-07-31
174,jiemeng,女,62,海口县,2025-04-06 04:11:01,3,2,正常,2025-06-13 14:38:18,2025-07-31
175,guiying80,女,60,香港县,2025-05-19 14:58:15,2,4,正常,2025-07-16 12:21:12,2025-07-31
176,shaoxia,未知,65,南昌市,2024-08-20 19:30:03,3,4,正常,2025-05-27 02:12:14,2025-07-31
177,ixia,男,60,嘉禾市,2025-03-31 14:03:33,5,1,正常,2025-05-02 00:46:42,2025-07-31
178,leili,男,31,丹县,2025-03-21 09:12:48,5,4,正常,2025-04-30 01:36:12,2025-07-31
179,changfang,女,37,宁德县,2025-02-25 14:31:27,5,5,正常,2025-04-06 11:32:09,2025-07-31
180,xiaduan,男,30,银川县,2025-02-08 18:54:03,5,4,正常,2025-06-13 07:00:45,2025-07-31
181,jie76,未知,49,玉华县,2024-11-05 14:37:06,1,2,正常,2025-07-06 00:20:53,2025-07-31
182,xiawei,女,61,海口县,2025-06-30 07:06:59,2,1,正常,2025-07-18 12:10:16,2025-07-31
183,dulei,未知,54,六安市,2024-10-31 12:22:38,5,2,正常,2025-06-16 19:51:25,2025-07-31
184,yong86,女,52,桂芝县,2024-08-07 16:00:41,1,4,正常,2025-05-24 22:45:37,2025-07-31
185,nadu,未知,29,宁县,2025-05-05 08:39:35,5,3,正常,2025-05-12 20:53:54,2025-07-31
186,rma,男,43,瑜县,2025-01-12 13:49:07,5,1,正常,2025-04-30 11:01:57,2025-07-31
187,kbai,未知,26,晨县,2025-07-06 08:13:23,3,2,正常,2025-07-24 03:02:14,2025-07-31
188,min61,男,50,勇县,2025-06-04 14:16:35,2,2,正常,2025-07-29 16:32:13,2025-07-31
189,fangtan,未知,41,博县,2024-11-02 04:18:50,3,3,正常,2024-11-10 22:49:43,2025-07-31
190,leicai,男,49,太原市,2024-12-27 01:03:08,2,2,正常,2025-04-05 02:46:41,2025-07-31
191,maojie,未知,53,柳州市,2025-07-13 04:33:50,2,3,正常,2025-07-13 10:22:58,2025-07-31
192,tao74,女,62,银川县,2025-07-12 17:48:09,2,2,正常,2025-07-22 23:35:29,2025-07-31
193,jing09,未知,23,台北市,2025-01-19 09:36:47,4,4,正常,2025-03-23 23:20:49,2025-07-31
194,liangmin,男,22,玉英县,2025-07-28 22:37:01,2,1,正常,2025-07-29 17:29:29,2025-07-31
195,czhu,未知,44,芳县,2024-10-03 11:20:14,3,5,正常,2025-02-16 09:00:08,2025-07-31
196,oqian,男,24,鑫市,2025-04-29 06:46:15,3,5,正常,2025-06-14 06:04:56,2025-07-31
197,ming96,男,42,丹丹市,2024-12-20 15:11:34,2,2,正常,2025-02-07 19:59:03,2025-07-31
198,yanyin,女,49,文市,2024-12-05 09:59:16,5,3,正常,2025-01-14 06:40:10,2025-07-31
199,pingshao,女,61,玉梅市,2024-09-17 00:35:29,5,5,正常,2024-11-21 02:20:34,2025-07-31
200,sxiang,未知,65,宁县,2025-04-05 09:11:47,4,1,正常,2025-06-16 15:10:20,2025-07-31
201,xiuyingsun,男,43,成县,2025-07-22 09:13:14,1,5,正常,2025-07-29 18:37:53,2025-07-31
202,jtao,女,24,凤英市,2025-01-23 00:01:06,3,1,正常,2025-06-07 02:43:09,2025-07-31
203,gang98,未知,60,六安县,2025-07-06 22:01:55,4,2,正常,2025-07-28 14:36:17,2025-07-31
204,ganghao,未知,24,北京市,2024-10-13 00:02:00,4,5,正常,2025-02-19 09:55:23,2025-07-31
205,yongdai,女,48,佛山市,2024-12-16 07:52:00,1,1,正常,2025-07-10 02:23:21,2025-07-31
206,jiana,男,65,英市,2025-02-24 05:39:21,5,3,正常,2025-07-06 06:19:01,2025-07-31
207,chaoqian,未知,32,辛集县,2025-01-23 15:41:53,2,2,正常,2025-03-22 09:33:12,2025-07-31
208,fwang,未知,54,建军县,2024-11-28 06:51:14,2,2,正常,2025-03-30 12:15:53,2025-07-31
209,yangcheng,未知,21,台北市,2024-08-13 05:34:56,3,1,正常,2024-10-19 04:23:36,2025-07-31
210,ideng,未知,30,荆门市,2025-05-03 13:45:59,3,2,正常,2025-07-02 04:52:08,2025-07-31
211,liuxiuying,男,58,莹市,2024-11-12 21:10:42,3,1,正常,2025-04-14 18:29:50,2025-07-31
212,yongxia,未知,34,上海县,2024-11-03 20:32:30,3,2,正常,2024-11-22 01:06:31,2025-07-31
213,yanduan,女,20,明市,2025-05-08 14:59:10,1,5,正常,2025-07-21 13:29:54,2025-07-31
214,nliao,未知,30,长春市,2024-11-29 04:37:14,5,5,正常,2025-06-22 23:29:06,2025-07-31
215,pengna,未知,64,桂兰市,2025-06-29 19:14:41,1,5,正常,2025-07-04 12:57:31,2025-07-31
216,jingcui,男,38,淑英县,2025-07-10 17:15:48,3,4,正常,2025-07-26 11:46:50,2025-07-31
217,ping33,女,34,重庆县,2025-07-01 04:48:34,3,2,正常,2025-07-15 14:35:37,2025-07-31
218,na67,男,47,磊县,2024-12-19 05:13:45,3,2,正常,2025-02-24 02:35:59,2025-07-31
219,wei66,男,21,石家庄市,2024-10-21 03:51:10,2,4,正常,2025-07-18 02:55:42,2025-07-31
220,xiulan04,男,52,澳门市,2024-08-12 18:33:06,1,3,正常,2025-04-25 03:48:20,2025-07-31
221,gyan,未知,34,海口市,2025-05-10 03:17:58,1,4,正常,2025-06-13 09:05:17,2025-07-31
222,xiahou,男,43,关岭县,2025-07-17 03:05:05,5,1,正常,2025-07-31 01:02:08,2025-07-31
223,nashi,未知,38,张家港市,2025-06-10 05:11:00,2,1,正常,2025-07-02 07:04:30,2025-07-31
224,fyu,女,42,成都县,2025-05-26 15:31:14,3,1,正常,2025-06-10 19:44:47,2025-07-31
225,xiongyan,男,48,太原市,2024-08-31 21:25:41,5,1,正常,2025-06-29 20:32:45,2025-07-31
226,vchen,男,37,邯郸县,2025-01-24 23:27:47,3,2,正常,2025-07-04 21:00:37,2025-07-31
227,qiang96,女,38,莹县,2025-07-29 23:26:52,2,3,正常,2025-07-30 06:28:35,2025-07-31
228,juan35,女,54,璐县,2025-03-24 21:19:56,2,2,正常,2025-07-10 03:03:51,2025-07-31
229,licai,女,19,龙县,2025-07-20 10:20:11,1,4,正常,2025-07-22 12:40:38,2025-07-31
230,yangliang,女,19,武汉市,2025-02-03 11:40:04,5,2,正常,2025-06-05 10:44:10,2025-07-31
231,mhu,未知,39,华市,2025-01-12 05:55:55,1,4,正常,2025-02-10 11:32:46,2025-07-31
232,qinjie,男,47,凤英县,2024-09-11 14:23:36,1,4,正常,2024-10-20 20:29:25,2025-07-31
233,lilai,女,56,潮州市,2025-01-03 08:09:26,5,3,正常,2025-07-23 23:15:11,2025-07-31
234,jun13,男,40,桂英县,2024-12-05 17:24:45,1,1,正常,2025-05-27 04:42:33,2025-07-31
235,vpan,男,53,佳县,2025-04-26 06:30:12,3,4,正常,2025-07-16 17:48:07,2025-07-31
236,xiulan28,女,46,张家港市,2025-06-29 10:50:54,5,5,正常,2025-07-16 20:46:03,2025-07-31
237,leili,男,26,畅市,2024-09-15 17:52:26,5,5,正常,2025-06-17 03:45:29,2025-07-31
238,dingtao,未知,44,桂花县,2025-07-17 15:51:18,3,1,正常,2025-07-30 04:17:31,2025-07-31
239,weigang,未知,27,兰州市,2025-02-21 05:22:07,1,2,正常,2025-06-26 02:16:07,2025-07-31
240,klei,男,60,玉县,2025-05-05 19:25:23,2,2,正常,2025-06-18 14:53:26,2025-07-31
241,yong35,女,39,建平县,2025-07-17 14:08:54,2,1,正常,2025-07-27 12:46:15,2025-07-31
242,chengjing,男,38,邯郸市,2025-03-22 19:01:29,2,3,正常,2025-04-23 09:08:05,2025-07-31
243,gtang,女,18,重庆县,2025-01-15 15:40:46,3,3,正常,2025-04-14 05:38:38,2025-07-31
244,fangtao,未知,46,峰县,2024-09-17 12:03:12,4,2,正常,2024-10-17 19:26:20,2025-07-31
245,wkang,女,36,通辽县,2024-08-05 08:48:34,2,1,正常,2025-07-16 16:48:18,2025-07-31
246,ganglin,未知,25,合山县,2024-11-04 05:09:58,2,4,正常,2025-07-17 18:58:34,2025-07-31
247,nfang,未知,45,潜江县,2025-05-20 20:14:06,2,2,正常,2025-06-24 07:42:16,2025-07-31
248,shijie,女,61,兴安盟县,2025-06-11 12:06:25,4,3,正常,2025-06-20 01:18:53,2025-07-31
249,qiangzhu,女,37,乌鲁木齐县,2024-12-20 17:49:29,1,1,正常,2025-06-27 16:29:21,2025-07-31
250,ming93,男,48,建国市,2025-03-18 20:30:11,4,5,正常,2025-07-14 07:26:53,2025-07-31
251,azeng,男,55,大冶市,2024-12-21 19:00:57,4,2,正常,2025-02-25 06:26:48,2025-07-31
252,wei34,未知,57,佛山市,2025-05-12 10:54:12,1,3,正常,2025-07-24 04:23:33,2025-07-31
253,wyang,男,35,志强县,2025-06-01 18:55:21,2,4,正常,2025-07-11 14:41:01,2025-07-31
254,xiulandong,男,28,凯市,2025-07-06 06:32:16,4,4,正常,2025-07-17 23:33:38,2025-07-31
255,fuli,男,30,璐市,2024-08-12 17:07:49,4,3,正常,2025-01-04 20:15:39,2025-07-31
256,yqin,男,19,呼和浩特市,2024-09-06 17:52:13,1,2,正常,2024-12-21 13:56:49,2025-07-31
257,xia47,男,55,马鞍山县,2024-09-08 03:36:51,5,5,正常,2025-01-01 06:47:34,2025-07-31
258,gang33,未知,25,洋市,2025-05-16 15:43:49,4,2,正常,2025-05-22 23:56:03,2025-07-31
259,fangzeng,女,62,六盘水县,2024-11-10 10:06:23,1,5,正常,2025-04-07 12:36:53,2025-07-31
260,xia52,未知,28,欣县,2024-12-07 07:08:24,1,4,正常,2025-04-02 06:47:13,2025-07-31
261,nayang,未知,30,欣市,2024-10-08 22:29:04,2,5,正常,2025-07-18 01:11:45,2025-07-31
262,zliao,男,34,香港市,2024-10-18 13:44:43,2,3,正常,2025-06-27 16:15:44,2025-07-31
263,jie09,女,65,萍县,2025-04-15 14:09:54,2,5,正常,2025-04-18 05:21:32,2025-07-31
264,rsu,女,36,海燕市,2025-05-15 11:32:08,3,3,正常,2025-05-18 19:01:13,2025-07-31
265,wei74,未知,65,晨市,2024-12-16 15:52:36,3,5,正常,2025-04-28 01:21:30,2025-07-31
266,liwei,女,22,倩县,2025-07-01 21:50:24,5,5,正常,2025-07-18 10:33:31,2025-07-31
267,wwan,未知,57,广州市,2024-12-15 15:31:03,3,2,正常,2025-01-01 09:31:20,2025-07-31
268,pfan,未知,31,南宁市,2025-03-16 04:59:17,3,5,正常,2025-05-21 14:25:56,2025-07-31
269,panyong,女,46,荣市,2024-12-31 13:03:23,5,4,正常,2025-05-13 18:52:29,2025-07-31
270,yanghe,未知,56,燕县,2025-02-06 06:20:14,5,1,正常,2025-06-08 19:34:00,2025-07-31
271,yong47,未知,29,邯郸县,2025-01-25 08:50:52,2,4,正常,2025-03-01 22:24:02,2025-07-31
272,xuejie,未知,43,福州市,2025-02-10 21:51:59,3,3,正常,2025-05-15 20:30:14,2025-07-31
273,ujia,未知,49,广州县,2025-03-19 09:51:43,2,3,正常,2025-05-20 21:19:30,2025-07-31
274,juanjiang,男,64,娜县,2024-11-06 13:49:08,5,5,正常,2025-02-25 05:33:14,2025-07-31
275,xia77,未知,36,桂芳市,2024-09-02 14:30:45,1,2,正常,2025-07-15 10:58:29,2025-07-31
276,tgu,未知,60,凤兰县,2024-12-18 20:32:42,2,3,正常,2025-03-19 02:55:02,2025-07-31
277,juan81,男,52,军县,2024-09-15 01:57:49,2,5,正常,2025-05-25 14:33:51,2025-07-31
278,huangfang,女,38,惠州县,2025-01-11 11:58:23,2,3,正常,2025-07-01 00:56:48,2025-07-31
279,ytao,女,40,汕尾市,2025-04-16 23:11:54,5,2,正常,2025-05-25 01:13:26,2025-07-31
280,yangkang,未知,51,北镇县,2025-03-01 19:14:23,4,2,正常,2025-07-09 16:29:44,2025-07-31
281,glai,未知,31,阜新县,2025-04-28 08:32:35,2,1,正常,2025-06-01 17:33:55,2025-07-31
282,dengfang,女,42,涛市,2025-06-03 14:40:17,4,2,正常,2025-06-21 19:40:37,2025-07-31
283,jinglei,男,43,杰县,2025-05-22 15:27:14,1,2,正常,2025-06-30 08:06:01,2025-07-31
284,chaowan,女,54,琳县,2024-10-08 10:51:29,5,2,正常,2025-03-06 19:28:49,2025-07-31
285,xia17,女,28,玉华县,2025-01-12 18:17:44,5,5,正常,2025-04-24 03:14:19,2025-07-31
286,gang05,女,64,辽阳县,2025-02-12 03:52:59,3,4,正常,2025-04-30 22:06:54,2025-07-31
287,ping59,未知,32,台北县,2025-03-18 17:50:48,5,5,正常,2025-05-22 19:13:03,2025-07-31
288,ping06,女,63,杨市,2025-02-19 16:05:15,1,3,正常,2025-06-06 14:59:15,2025-07-31
289,yong83,男,44,丹市,2025-07-18 21:47:56,1,2,正常,2025-07-28 13:05:17,2025-07-31
290,xiuyingkong,男,21,大冶市,2024-12-07 08:08:45,3,5,正常,2025-06-02 20:30:02,2025-07-31
291,minyin,男,29,红县,2025-06-05 08:13:09,5,1,正常,2025-06-06 15:52:42,2025-07-31
292,naliu,未知,39,玉珍县,2025-04-16 11:40:13,4,1,正常,2025-06-27 09:43:35,2025-07-31
293,chenjun,女,45,长春县,2024-12-22 10:51:38,3,5,正常,2025-04-14 15:09:08,2025-07-31
294,gangfang,男,51,柳县,2024-11-20 22:48:30,4,5,正常,2025-04-06 01:11:50,2025-07-31
295,yan70,男,48,超县,2024-10-24 13:39:22,5,3,正常,2025-07-18 11:24:45,2025-07-31
296,jxue,女,54,齐齐哈尔市,2024-09-06 22:12:02,3,1,正常,2025-07-28 04:24:03,2025-07-31
297,yong05,男,46,伟市,2025-02-07 17:55:48,1,4,正常,2025-05-17 07:15:38,2025-07-31
298,mingmao,男,23,玲县,2024-12-29 08:03:18,2,1,正常,2025-03-26 18:21:30,2025-07-31
299,lei48,男,46,南昌县,2025-02-03 16:13:13,3,1,正常,2025-04-02 01:15:47,2025-07-31
300,fqin,未知,45,梅市,2024-09-18 06:49:55,2,1,正常,2025-01-19 05:20:24,2025-07-31
301,yangren,女,38,贵阳市,2025-05-30 11:41:42,3,1,正常,2025-07-27 16:34:41,2025-07-31
302,dongchao,男,52,银川县,2025-06-12 01:39:13,2,2,正常,2025-07-26 01:38:59,2025-07-31
303,panjuan,女,47,六盘水县,2024-10-19 14:59:24,1,5,正常,2025-02-08 19:06:30,2025-07-31
304,li89,未知,40,俊市,2025-04-22 16:03:36,1,4,正常,2025-07-08 23:32:19,2025-07-31
305,txiang,未知,51,太原县,2024-09-16 18:56:14,5,4,正常,2025-04-27 04:12:39,2025-07-31
306,rjin,女,18,合山市,2025-06-01 05:27:21,3,4,正常,2025-06-01 16:04:05,2025-07-31
307,mingyin,女,63,乌鲁木齐市,2024-08-18 05:02:12,1,1,正常,2025-04-19 16:14:47,2025-07-31
308,liaojing,男,42,璐县,2025-07-25 09:05:26,3,2,正常,2025-07-31 10:47:56,2025-07-31
309,mkong,男,30,杭州市,2025-06-25 12:25:59,1,5,正常,2025-07-20 11:17:04,2025-07-31
310,chenli,男,27,哈尔滨市,2025-05-23 00:05:05,3,5,正常,2025-07-08 02:23:29,2025-07-31
311,haoping,未知,48,长春县,2024-09-13 17:27:17,3,1,正常,2024-10-25 05:23:46,2025-07-31
312,lei44,未知,49,想县,2024-10-30 11:39:11,5,3,正常,2024-11-07 05:52:23,2025-07-31
313,yutao,女,19,淮安县,2025-01-22 10:49:17,4,4,正常,2025-06-01 04:42:31,2025-07-31
314,fang05,男,60,大冶县,2025-06-19 04:52:20,1,2,正常,2025-07-13 04:29:47,2025-07-31
315,czhao,男,26,巢湖县,2025-05-29 21:37:39,3,3,正常,2025-07-10 08:45:49,2025-07-31
316,zxu,女,34,哈尔滨县,2024-09-26 16:22:48,1,1,正常,2025-01-19 00:00:15,2025-07-31
317,dduan,男,47,秀兰市,2024-08-23 07:51:40,2,4,正常,2025-01-29 21:14:11,2025-07-31
318,sshi,男,59,淮安县,2025-06-22 11:42:37,2,4,正常,2025-06-23 09:09:37,2025-07-31
319,qlong,女,50,佛山县,2025-04-02 01:48:51,1,4,正常,2025-06-25 11:35:12,2025-07-31
320,pingxue,未知,62,桂荣县,2025-05-09 00:21:58,4,5,正常,2025-07-21 22:52:07,2025-07-31
321,pbai,男,23,济南县,2024-12-28 06:20:39,1,1,正常,2025-01-28 12:55:07,2025-07-31
322,lei74,未知,34,通辽市,2024-08-14 18:48:56,1,3,正常,2024-10-17 09:18:38,2025-07-31
323,tangjie,未知,27,秀梅市,2024-08-08 14:51:20,1,1,正常,2025-04-01 06:06:13,2025-07-31
324,yuanlei,未知,57,玉珍市,2025-06-11 21:47:57,1,4,正常,2025-07-29 07:24:03,2025-07-31
325,yangwu,女,31,玉兰市,2024-08-05 00:05:20,4,2,正常,2025-06-12 15:52:26,2025-07-31
326,dengli,男,42,兴安盟市,2024-11-25 17:27:20,1,1,正常,2024-12-01 08:14:32,2025-07-31
327,taozhou,未知,33,汕尾市,2024-10-28 23:56:06,5,3,正常,2025-05-28 09:37:03,2025-07-31
328,hujun,女,20,阳县,2024-11-02 05:03:00,1,1,正常,2025-04-19 20:26:20,2025-07-31
329,nlu,女,47,太原市,2024-09-03 23:39:36,2,1,正常,2025-05-05 19:33:20,2025-07-31
330,xiuyingpan,未知,54,乌鲁木齐市,2025-02-28 04:28:49,1,4,正常,2025-05-17 12:17:39,2025-07-31
331,tao66,女,19,婷市,2024-12-18 02:41:24,1,1,正常,2025-01-05 19:41:45,2025-07-31
332,guiyingliang,未知,65,桂荣市,2025-03-01 02:18:56,2,5,正常,2025-04-25 10:15:37,2025-07-31
333,yan50,未知,35,宁德县,2025-06-19 06:29:38,5,5,正常,2025-07-23 03:39:40,2025-07-31
334,dcao,女,23,梧州县,2024-08-20 14:03:41,2,5,正常,2024-09-24 21:31:22,2025-07-31
335,yong28,女,63,上海县,2025-03-01 00:12:31,4,2,正常,2025-03-08 23:10:01,2025-07-31
336,mingguo,女,44,小红县,2024-09-10 18:27:56,1,4,正常,2024-11-24 09:18:48,2025-07-31
337,qiang25,男,31,琳市,2025-07-17 12:21:56,1,5,正常,2025-07-31 01:07:10,2025-07-31
338,taofang,女,42,丹丹市,2025-01-24 11:17:41,4,1,正常,2025-05-16 15:43:18,2025-07-31
339,juan87,未知,42,杭州市,2025-06-22 03:54:00,4,2,正常,2025-07-14 19:30:56,2025-07-31
340,tao26,未知,40,燕县,2025-04-30 23:12:40,4,5,正常,2025-05-05 04:50:09,2025-07-31
341,jun50,未知,23,桂花市,2025-05-13 19:53:25,3,1,正常,2025-07-28 16:16:00,2025-07-31
342,lei82,女,33,畅市,2024-12-18 22:16:50,5,3,正常,2025-03-10 11:13:18,2025-07-31
343,gangli,男,42,云市,2025-02-26 03:09:15,3,2,正常,2025-06-30 19:51:37,2025-07-31
344,weiwen,未知,21,福州市,2025-01-22 13:19:47,2,5,正常,2025-02-15 01:42:29,2025-07-31
345,lei52,男,45,刚市,2025-03-09 14:11:26,3,2,正常,2025-07-11 00:26:09,2025-07-31
346,qwang,女,30,北镇市,2025-05-28 19:38:21,5,5,正常,2025-06-19 06:23:52,2025-07-31
347,fang65,男,27,桂芝市,2025-06-10 14:51:05,5,2,正常,2025-07-13 18:36:03,2025-07-31
348,chaoyu,男,28,关岭县,2025-04-14 06:02:18,1,1,正常,2025-07-05 02:20:52,2025-07-31
349,yanlu,女,20,六安市,2024-12-31 15:58:41,4,4,正常,2025-07-09 11:05:07,2025-07-31
350,yongwan,女,43,兴安盟市,2025-07-19 15:00:34,4,1,正常,2025-07-20 16:37:20,2025-07-31
351,kongli,女,37,长沙市,2025-03-24 04:40:54,5,5,正常,2025-06-16 08:11:34,2025-07-31
352,junliang,未知,46,帆市,2024-12-22 00:30:42,5,4,正常,2025-06-26 03:40:36,2025-07-31
353,xiulan40,女,50,六安市,2024-11-03 11:04:53,2,2,正常,2025-04-21 13:23:19,2025-07-31
354,guiying70,未知,38,汕尾市,2025-07-09 17:01:18,4,4,正常,2025-07-22 10:47:00,2025-07-31
355,min13,未知,58,飞市,2024-12-18 14:12:50,5,5,正常,2024-12-23 19:25:35,2025-07-31
356,yanxiuying,未知,33,张家港市,2024-07-31 14:27:21,1,5,正常,2025-05-12 07:38:09,2025-07-31
357,xia63,未知,64,宁德市,2025-05-19 14:32:41,3,4,正常,2025-07-07 16:31:19,2025-07-31
358,weiping,女,33,重庆市,2025-04-10 07:50:43,4,2,正常,2025-05-11 10:03:23,2025-07-31
359,naliu,未知,46,哈尔滨县,2024-12-24 14:52:00,5,4,正常,2025-04-02 08:25:27,2025-07-31
360,xiaojing,女,37,飞县,2024-08-11 19:37:23,4,4,正常,2024-09-26 03:52:46,2025-07-31
361,xcui,未知,56,淑兰县,2025-06-08 03:41:12,2,2,正常,2025-07-06 09:15:43,2025-07-31
362,qiangang,女,40,玲县,2025-04-30 11:55:27,5,4,正常,2025-07-15 17:46:13,2025-07-31
363,ayin,未知,19,邯郸县,2025-03-09 18:13:31,1,4,正常,2025-05-07 05:27:57,2025-07-31
364,xia91,女,39,艳县,2024-09-06 18:47:29,2,2,正常,2025-02-27 12:37:00,2025-07-31
365,lei89,女,46,红霞县,2025-01-14 14:10:35,3,3,正常,2025-04-02 19:07:08,2025-07-31
366,fang59,未知,57,萍县,2024-12-18 19:23:28,3,5,正常,2025-05-15 13:19:02,2025-07-31
367,shiyong,女,25,长春市,2024-09-25 01:51:46,1,5,正常,2025-01-07 22:02:11,2025-07-31
368,yong90,未知,23,哈尔滨县,2025-06-02 01:44:09,5,1,正常,2025-06-24 17:36:51,2025-07-31
369,htan,女,45,太原市,2025-06-22 05:00:45,2,2,正常,2025-07-30 01:44:48,2025-07-31
370,chao12,未知,35,嘉禾市,2024-09-28 07:43:08,2,2,正常,2024-11-18 08:10:51,2025-07-31
371,hyi,男,19,海口市,2024-09-13 22:00:21,3,5,正常,2024-11-08 18:12:55,2025-07-31
372,ping36,女,53,淑英市,2025-04-04 01:44:35,2,5,正常,2025-04-28 03:45:23,2025-07-31
373,houna,未知,34,凤兰市,2025-01-10 22:41:18,4,5,正常,2025-03-30 20:08:59,2025-07-31
374,weiluo,女,54,潜江市,2025-01-26 18:22:13,2,5,正常,2025-03-22 22:45:14,2025-07-31
375,yang26,女,19,雪梅市,2024-09-07 09:53:33,3,5,正常,2025-01-16 11:01:45,2025-07-31
376,vli,女,31,娜县,2024-11-02 22:47:28,3,4,正常,2024-11-30 01:38:46,2025-07-31
377,chaotang,女,41,畅县,2025-02-15 09:40:37,2,1,正常,2025-04-11 18:19:13,2025-07-31
378,guiyingshi,男,59,瑞市,2025-07-25 10:23:06,3,5,正常,2025-07-27 08:12:17,2025-07-31
379,yongjin,未知,58,西安市,2025-07-07 18:07:17,3,5,正常,2025-07-24 04:13:49,2025-07-31
380,uyu,女,20,秀云市,2025-06-18 10:38:26,3,2,正常,2025-06-18 21:24:38,2025-07-31
381,chaojin,未知,33,刚县,2025-07-14 23:18:57,1,5,正常,2025-07-20 17:14:49,2025-07-31
382,xiulan82,女,36,帆县,2024-12-13 17:34:52,5,4,正常,2025-06-10 14:14:36,2025-07-31
383,jiezeng,男,21,齐齐哈尔市,2025-02-15 00:11:36,5,2,正常,2025-06-18 23:24:52,2025-07-31
384,mingxue,女,48,南昌县,2025-06-17 18:01:25,5,5,正常,2025-07-15 14:55:49,2025-07-31
385,li62,女,20,英县,2024-11-01 03:54:36,4,5,正常,2025-05-02 06:13:16,2025-07-31
386,yangwei,未知,54,济南市,2024-09-07 11:27:25,5,4,正常,2025-04-20 01:39:59,2025-07-31
387,liangjing,女,29,超市,2025-06-29 10:03:19,5,3,正常,2025-07-03 20:28:32,2025-07-31
388,naxiang,女,38,婷县,2025-05-09 06:34:01,3,4,正常,2025-05-11 06:25:16,2025-07-31
389,yang52,男,49,红市,2025-07-11 15:00:47,2,4,正常,2025-07-18 03:51:29,2025-07-31
390,nagu,女,64,昆明市,2025-06-28 00:29:20,4,4,正常,2025-07-12 08:45:11,2025-07-31
391,wei32,女,37,杨县,2024-08-10 05:54:50,5,1,正常,2025-04-04 10:28:16,2025-07-31
392,junfu,未知,61,汕尾县,2025-03-05 07:51:29,3,2,正常,2025-07-11 12:15:50,2025-07-31
393,jingyin,未知,56,旭县,2025-02-04 00:10:15,3,4,正常,2025-05-02 12:47:58,2025-07-31
394,fxu,未知,25,宁德市,2025-02-07 12:28:43,3,5,正常,2025-06-02 10:48:24,2025-07-31
395,yanxiang,男,60,北镇县,2024-08-12 10:31:48,5,3,正常,2025-02-08 01:22:08,2025-07-31
396,qiang99,未知,35,柳市,2025-07-23 22:50:52,2,4,正常,2025-07-27 18:34:33,2025-07-31
397,yongwei,男,28,福州市,2025-05-23 04:11:54,3,4,正常,2025-07-26 07:42:35,2025-07-31
398,min24,男,19,杭州县,2024-08-13 07:29:56,3,2,正常,2025-01-13 19:34:26,2025-07-31
399,dxiong,男,28,梅县,2025-05-17 11:41:38,1,2,正常,2025-06-02 07:41:40,2025-07-31
400,ijiang,男,39,海门县,2024-12-02 19:49:40,5,4,正常,2025-02-04 07:33:25,2025-07-31
401,xiuyingmeng,女,51,梧州县,2024-09-06 01:52:53,3,1,正常,2025-07-25 03:48:43,2025-07-31
402,apan,未知,46,辛集县,2025-04-25 14:01:31,5,2,正常,2025-07-05 15:58:41,2025-07-31
403,dmao,未知,25,六盘水市,2025-02-16 19:59:49,1,4,正常,2025-02-27 11:58:21,2025-07-31
404,guiyingbai,女,46,凤英市,2024-10-23 23:40:24,2,5,正常,2025-05-14 12:49:02,2025-07-31
405,gaoyong,女,64,澳门市,2024-10-15 16:12:38,5,3,正常,2025-05-22 01:45:11,2025-07-31
406,yujie,男,42,南京县,2024-10-19 14:29:37,5,3,正常,2025-03-09 08:25:22,2025-07-31
407,taolai,女,47,佛山市,2025-04-23 00:09:57,5,2,正常,2025-06-15 23:49:21,2025-07-31
408,ming53,女,62,淑华县,2025-01-29 01:20:02,5,5,正常,2025-05-26 14:53:20,2025-07-31
409,chengang,男,59,桂荣县,2025-03-09 18:25:09,3,3,正常,2025-03-23 20:55:48,2025-07-31
410,gangren,男,29,冬梅市,2025-03-31 23:36:50,2,2,正常,2025-07-19 08:41:11,2025-07-31
411,xiulanhu,未知,58,昆明市,2025-03-28 16:36:33,3,1,正常,2025-07-27 08:07:37,2025-07-31
412,taoliu,女,49,小红市,2025-07-21 01:07:16,1,3,正常,2025-07-24 10:54:09,2025-07-31
413,xuyong,男,65,平县,2025-04-12 20:13:35,1,3,正常,2025-07-11 20:58:16,2025-07-31
414,nasun,未知,61,南宁市,2024-09-26 05:03:23,3,1,正常,2025-07-10 09:30:22,2025-07-31
415,qiuxiulan,男,61,玉梅市,2024-10-20 09:51:09,2,2,正常,2025-07-11 10:53:29,2025-07-31
416,jieshen,男,41,济南县,2025-02-16 10:41:14,3,3,正常,2025-04-19 19:15:17,2025-07-31
417,tao35,女,55,秀荣市,2025-05-31 11:37:19,1,5,正常,2025-07-13 04:46:22,2025-07-31
418,xia83,未知,56,冬梅市,2025-03-28 13:32:40,5,1,正常,2025-06-24 20:30:12,2025-07-31
419,rzou,女,31,西安县,2025-06-09 13:40:26,1,4,正常,2025-07-10 06:13:01,2025-07-31
420,xiulanqiao,女,19,雷市,2024-11-24 14:31:46,5,2,正常,2024-11-28 18:35:28,2025-07-31
421,uyao,女,54,昆明市,2024-11-03 07:00:35,2,4,正常,2025-07-14 14:03:32,2025-07-31
422,oren,未知,63,邯郸市,2024-08-31 07:12:35,3,1,正常,2025-01-01 06:16:17,2025-07-31
423,qianna,未知,22,杨县,2024-09-18 11:36:49,4,4,正常,2024-10-23 10:14:38,2025-07-31
424,hyu,未知,47,南宁县,2024-09-17 23:23:29,2,4,正常,2025-07-13 12:38:16,2025-07-31
425,zhongxiuying,男,39,六安县,2024-08-26 16:54:36,5,5,正常,2024-09-02 17:14:04,2025-07-31
426,zoujie,女,22,亮市,2024-08-06 06:17:35,4,4,正常,2025-03-15 11:08:07,2025-07-31
427,yuanfang,女,42,璐市,2024-10-19 08:08:16,5,5,正常,2025-05-05 03:45:04,2025-07-31
428,jintao,未知,40,太原县,2024-12-20 11:11:35,2,5,正常,2025-06-05 18:19:57,2025-07-31
429,xiulan38,女,42,阳县,2025-03-11 18:25:52,4,3,正常,2025-07-04 10:53:11,2025-07-31
430,fengqiang,女,47,彬市,2025-07-28 13:05:17,4,1,正常,2025-07-30 06:07:32,2025-07-31
431,junzheng,未知,64,英市,2025-06-24 17:08:12,1,2,正常,2025-07-18 05:16:33,2025-07-31
432,yong92,女,46,玉市,2024-07-31 23:45:16,2,1,正常,2025-02-04 06:23:37,2025-07-31
433,ideng,男,30,宇市,2025-01-04 18:40:53,3,3,正常,2025-04-11 16:52:54,2025-07-31
434,wei43,未知,48,兰州市,2025-01-01 08:47:59,5,4,正常,2025-04-20 04:14:58,2025-07-31
435,xiuying57,女,61,南宁县,2024-08-02 10:23:43,4,3,正常,2024-09-21 02:29:18,2025-07-31
436,yong84,未知,35,建县,2025-01-16 05:21:37,4,3,正常,2025-04-15 18:47:39,2025-07-31
437,fang08,女,27,长春市,2025-02-22 18:38:09,1,3,正常,2025-06-29 13:28:25,2025-07-31
438,shenxia,女,34,张家港市,2024-12-28 20:12:23,5,4,正常,2025-02-20 00:45:36,2025-07-31
439,ugao,男,41,杰县,2025-03-04 23:09:15,4,3,正常,2025-06-05 08:28:39,2025-07-31
440,qyin,未知,37,欢县,2025-03-17 21:50:43,3,4,正常,2025-07-14 22:02:13,2025-07-31
441,mxie,男,36,涛县,2024-10-10 19:43:12,5,1,正常,2025-05-27 02:34:54,2025-07-31
442,jingxia,男,38,佛山县,2025-05-23 20:36:01,2,5,正常,2025-06-25 18:05:30,2025-07-31
443,cxue,女,29,玉珍市,2025-01-21 06:34:13,4,2,正常,2025-06-07 20:36:49,2025-07-31
444,qiang65,男,64,淑英县,2025-04-06 21:44:05,3,3,正常,2025-04-21 23:27:26,2025-07-31
445,lhe,男,59,昆明县,2025-02-12 06:08:29,2,3,正常,2025-07-12 13:40:43,2025-07-31
446,linming,未知,47,辛集市,2025-05-02 00:18:24,1,4,正常,2025-05-15 07:09:10,2025-07-31
447,jie10,女,31,帅市,2024-08-03 03:57:53,5,1,正常,2024-12-05 20:55:55,2025-07-31
448,changyang,男,36,通辽县,2025-02-02 12:21:30,1,2,正常,2025-05-02 19:41:37,2025-07-31
449,tao77,女,19,潮州市,2025-05-26 04:24:34,4,3,正常,2025-05-28 05:11:59,2025-07-31
450,caoyan,女,52,兰州县,2024-08-24 11:27:14,1,1,正常,2025-07-18 14:43:49,2025-07-31
451,fang52,女,21,北京市,2024-09-08 08:24:01,2,4,正常,2025-02-19 20:09:30,2025-07-31
452,fang63,女,59,华县,2024-11-29 01:32:13,5,1,正常,2024-12-21 09:33:37,2025-07-31
453,yanping,女,38,关岭市,2024-11-04 07:20:33,3,2,正常,2025-02-25 01:19:47,2025-07-31
454,gangwei,女,26,深圳县,2024-08-01 11:27:17,2,4,正常,2025-04-27 01:44:44,2025-07-31
455,juan76,男,53,杭州县,2025-02-05 01:24:47,5,3,正常,2025-05-04 05:40:34,2025-07-31
456,xia12,男,43,莉市,2025-06-09 18:21:48,1,3,正常,2025-07-15 11:53:56,2025-07-31
457,chaolai,男,18,丽丽市,2025-01-23 12:21:51,5,1,正常,2025-04-13 05:03:16,2025-07-31
458,yong59,女,29,西安县,2024-09-25 11:22:28,5,1,正常,2024-10-18 02:11:51,2025-07-31
459,yanhu,女,58,燕县,2024-09-06 04:01:15,3,3,正常,2025-07-21 17:58:32,2025-07-31
460,dufang,女,34,玉英县,2025-01-20 13:16:55,1,5,正常,2025-03-30 06:26:50,2025-07-31
461,xguo,未知,26,郑州县,2024-12-10 14:54:13,2,5,正常,2025-02-05 18:28:13,2025-07-31
462,yong16,女,41,华市,2024-12-31 21:25:24,2,2,正常,2025-06-05 10:44:31,2025-07-31
463,weimeng,男,18,荣市,2024-10-23 10:52:21,2,1,正常,2025-02-27 23:21:49,2025-07-31
464,chaohao,女,65,银川县,2024-08-14 08:39:08,4,4,正常,2024-12-01 15:03:32,2025-07-31
465,nchang,男,57,萍市,2024-08-25 22:38:48,1,4,正常,2025-01-20 03:41:43,2025-07-31
466,juan77,男,26,淑华县,2025-02-12 17:59:59,1,3,正常,2025-05-01 12:20:40,2025-07-31
467,na36,未知,54,太原市,2024-08-26 19:28:41,1,4,正常,2025-02-17 19:20:22,2025-07-31
468,fyin,女,19,六盘水市,2025-01-28 18:42:17,4,1,正常,2025-06-10 04:53:52,2025-07-31
469,chao82,男,19,桂香市,2025-07-25 14:02:18,1,2,正常,2025-07-26 17:41:39,2025-07-31
470,mingwan,女,22,马鞍山市,2024-10-18 16:16:32,3,5,正常,2025-05-05 05:35:10,2025-07-31
471,tao22,女,44,红梅县,2025-02-02 08:20:04,2,3,正常,2025-07-17 17:36:59,2025-07-31
472,czhang,女,18,欣县,2024-12-21 12:58:14,3,3,正常,2025-06-10 00:42:31,2025-07-31
473,zouguiying,未知,58,楠市,2025-07-08 16:15:48,2,4,正常,2025-07-22 22:39:08,2025-07-31
474,bgao,女,63,建国县,2024-11-24 06:56:52,3,2,正常,2024-12-01 08:20:11,2025-07-31
475,chaozhong,女,43,桂荣县,2024-11-01 06:20:51,4,4,正常,2024-11-09 09:47:59,2025-07-31
476,vzhao,女,37,关岭市,2025-02-18 21:01:57,5,1,正常,2025-03-03 19:34:29,2025-07-31
477,azhou,女,48,海门市,2025-05-19 17:46:26,2,4,正常,2025-06-06 22:11:49,2025-07-31
478,yinwei,男,18,广州市,2025-04-22 09:04:40,2,2,正常,2025-07-15 23:22:56,2025-07-31
479,jie09,女,37,西安县,2025-07-12 16:36:47,4,4,正常,2025-07-16 01:26:43,2025-07-31
480,wzhou,男,31,凤兰市,2024-11-19 10:30:22,1,4,正常,2025-04-03 13:29:02,2025-07-31
481,yantao,女,28,巢湖市,2025-02-25 22:27:20,5,1,正常,2025-04-22 20:09:38,2025-07-31
482,xiaona,未知,36,六盘水市,2024-08-06 09:47:46,3,1,正常,2025-04-18 04:51:24,2025-07-31
483,fangxiulan,女,56,萍市,2024-08-11 21:45:48,1,3,正常,2025-05-24 17:05:10,2025-07-31
484,weilei,女,62,通辽市,2025-03-23 03:00:08,5,4,正常,2025-04-08 05:58:26,2025-07-31
485,yaoli,未知,22,欣市,2024-11-14 16:47:18,2,2,正常,2025-01-21 10:26:21,2025-07-31
486,guiying68,女,33,北京市,2024-09-17 15:50:34,5,1,正常,2025-06-04 03:25:43,2025-07-31
487,zhaojie,女,21,昆明市,2025-07-22 04:00:26,2,1,正常,2025-07-23 01:56:17,2025-07-31
488,ping52,女,26,军县,2024-10-11 21:07:25,3,4,正常,2025-02-21 12:23:58,2025-07-31
489,licao,男,40,浩市,2025-06-28 20:55:10,5,5,正常,2025-07-26 11:54:08,2025-07-31
490,xiulanbai,未知,35,霞市,2025-04-22 12:16:55,3,5,正常,2025-04-25 17:03:41,2025-07-31
491,na13,未知,64,玉梅县,2024-08-21 17:44:58,4,1,正常,2025-02-26 11:13:03,2025-07-31
492,mingzou,未知,33,台北市,2025-03-01 14:52:53,2,3,正常,2025-06-23 01:22:40,2025-07-31
493,jie00,女,28,汕尾县,2025-05-07 00:11:17,3,1,正常,2025-07-01 11:38:24,2025-07-31
494,li93,未知,49,北镇市,2025-07-08 09:13:48,2,3,正常,2025-07-26 07:12:09,2025-07-31
495,zhengfang,男,32,桂芝县,2025-07-15 19:31:56,2,2,正常,2025-07-24 22:00:43,2025-07-31
496,jing99,男,23,辛集县,2024-12-05 20:11:22,2,5,正常,2025-03-20 02:29:02,2025-07-31
497,xia92,女,24,海口市,2025-02-22 07:56:35,5,1,正常,2025-03-20 03:48:49,2025-07-31
498,iliao,男,23,秀英县,2025-03-28 23:13:00,1,1,正常,2025-05-11 07:36:37,2025-07-31
499,leipeng,男,55,合肥市,2025-07-30 15:58:52,5,5,正常,2025-07-31 00:03:28,2025-07-31
500,yujie,男,35,博市,2025-03-31 10:27:08,4,2,正常,2025-04-12 21:58:04,2025-07-31
501,juncui,女,51,南京县,2024-11-02 13:59:40,3,5,正常,2025-02-20 23:50:03,2025-07-31
502,wei48,男,25,阳市,2025-06-14 11:13:49,4,1,正常,2025-07-08 12:13:41,2025-07-31
503,jie57,男,38,乌鲁木齐县,2025-04-25 20:34:57,4,1,正常,2025-05-09 15:31:15,2025-07-31
504,jieyu,未知,62,济南市,2024-10-12 02:01:37,3,4,正常,2025-05-12 03:23:36,2025-07-31
505,guiyingzhao,女,33,丽华市,2024-08-03 05:09:18,3,1,正常,2024-09-02 21:18:52,2025-07-31
506,leizeng,女,54,楠县,2025-04-19 14:16:58,1,5,正常,2025-05-02 12:47:00,2025-07-31
507,lei69,未知,28,潜江县,2025-06-13 23:49:11,3,4,正常,2025-06-25 06:57:16,2025-07-31
508,ping50,男,63,汕尾市,2024-08-25 19:04:17,2,1,正常,2024-11-03 07:49:57,2025-07-31
509,min73,女,47,嘉禾市,2025-04-02 20:10:38,1,5,正常,2025-05-01 07:37:53,2025-07-31
510,tcao,男,35,武汉县,2025-01-12 07:33:29,3,4,正常,2025-02-02 21:34:42,2025-07-31
511,azhou,未知,64,昆明县,2024-12-17 18:57:06,1,5,正常,2025-06-19 16:15:43,2025-07-31
512,jingyin,男,35,惠州市,2025-04-27 02:20:41,5,1,正常,2025-07-06 14:57:38,2025-07-31
513,guiyingcui,未知,57,上海市,2025-02-22 11:11:06,5,1,正常,2025-05-24 11:40:59,2025-07-31
514,dujun,未知,27,桂芝县,2025-07-01 15:25:02,1,5,正常,2025-07-03 13:25:07,2025-07-31
515,guiyingshen,女,43,艳县,2024-08-07 02:59:34,5,1,正常,2025-06-03 04:08:33,2025-07-31
516,jingqiao,未知,25,沈阳县,2025-06-08 18:55:11,5,2,正常,2025-07-21 10:21:44,2025-07-31
517,lei39,男,63,巢湖市,2025-06-28 17:15:38,2,2,正常,2025-07-17 15:23:05,2025-07-31
518,li53,男,52,佳市,2024-10-06 22:38:23,5,3,正常,2024-11-28 13:51:51,2025-07-31
519,jun87,男,51,济南市,2024-12-16 08:23:47,2,5,正常,2025-05-23 18:37:39,2025-07-31
520,mdong,未知,34,丹县,2024-12-21 15:47:25,5,5,正常,2025-04-29 04:44:08,2025-07-31
521,yan41,男,42,建市,2024-12-22 20:25:04,1,5,正常,2025-03-19 13:35:12,2025-07-31
522,fwen,未知,52,巢湖市,2025-02-23 01:59:42,5,5,正常,2025-04-17 20:47:56,2025-07-31
523,yongxia,女,43,南京县,2024-09-05 10:57:29,1,4,正常,2025-07-28 04:28:22,2025-07-31
524,duwei,女,37,龙县,2024-09-01 18:14:03,2,5,正常,2024-12-01 16:13:42,2025-07-31
525,jie76,女,57,柳州县,2025-01-26 11:32:18,5,3,正常,2025-05-23 13:22:24,2025-07-31
526,xiuying78,未知,65,萍县,2024-10-04 00:44:58,1,4,正常,2025-07-07 03:21:57,2025-07-31
527,tanxia,未知,18,兵市,2025-06-21 01:44:48,5,4,正常,2025-06-29 15:15:03,2025-07-31
528,jingdu,未知,21,红梅市,2024-11-21 18:04:25,4,4,正常,2025-05-10 10:59:03,2025-07-31
529,minhan,未知,43,宜都县,2025-07-15 21:11:14,4,2,正常,2025-07-28 14:16:52,2025-07-31
530,litao,女,23,马鞍山市,2025-07-29 19:47:11,3,2,正常,2025-07-30 02:30:19,2025-07-31
531,hjiang,女,53,潜江县,2024-08-21 11:31:24,3,4,正常,2024-12-08 22:45:34,2025-07-31
532,min25,男,31,龙县,2024-08-02 17:52:09,5,4,正常,2025-05-22 01:09:48,2025-07-31
533,taozhang,女,39,银川市,2025-01-09 14:22:29,3,1,正常,2025-07-06 03:07:15,2025-07-31
534,lei44,男,40,齐齐哈尔县,2025-06-06 07:28:43,3,2,正常,2025-06-19 16:50:15,2025-07-31
535,mingliu,女,61,利市,2024-09-04 19:18:49,5,5,正常,2024-12-18 23:54:20,2025-07-31
536,xiulan36,女,48,楠市,2025-05-22 05:21:34,2,1,正常,2025-06-28 17:51:40,2025-07-31
537,jun72,未知,19,北京县,2025-01-23 15:31:35,3,5,正常,2025-05-20 03:36:07,2025-07-31
538,guiyingxiao,未知,19,金凤市,2024-10-16 11:30:30,4,5,正常,2025-07-28 17:11:48,2025-07-31
539,zli,未知,49,大冶市,2025-06-16 22:29:56,2,1,正常,2025-07-29 19:51:50,2025-07-31
540,min45,男,41,红梅市,2025-02-04 00:52:49,1,2,正常,2025-05-20 12:29:28,2025-07-31
541,lei60,男,53,西宁市,2025-05-08 16:24:57,1,4,正常,2025-07-27 01:55:54,2025-07-31
542,wli,女,40,阜新县,2024-08-08 02:36:33,2,1,正常,2025-01-03 05:43:14,2025-07-31
543,kfang,女,33,玉兰市,2025-06-14 22:40:15,5,3,正常,2025-06-19 08:47:31,2025-07-31
544,yan33,男,50,欢市,2024-12-21 19:14:46,3,1,正常,2025-07-09 03:54:40,2025-07-31
545,azhong,女,33,沈阳县,2025-01-24 14:46:35,5,4,正常,2025-07-30 11:15:12,2025-07-31
546,tangna,未知,32,沈阳县,2025-02-19 18:50:35,3,2,正常,2025-03-04 10:56:09,2025-07-31
547,yongsong,女,49,桂香县,2025-02-16 01:04:36,2,3,正常,2025-06-07 23:10:05,2025-07-31
548,xiangyang,未知,35,北京县,2024-08-01 16:25:33,1,1,正常,2025-02-28 16:17:18,2025-07-31
549,xiuyingbai,女,62,萍市,2024-11-04 10:07:11,5,3,正常,2025-07-09 20:56:40,2025-07-31
550,rhao,男,20,英县,2024-10-24 10:12:32,1,5,正常,2025-07-06 20:08:08,2025-07-31
551,cxu,男,64,丽华县,2025-07-26 23:56:58,4,4,正常,2025-07-30 03:18:41,2025-07-31
552,xiaojun,未知,63,海口市,2025-06-12 05:10:18,1,5,正常,2025-06-30 13:46:52,2025-07-31
553,chengjuan,男,47,想县,2024-09-02 02:22:45,3,3,正常,2025-06-06 08:00:35,2025-07-31
554,wei55,未知,59,凯市,2025-07-23 19:47:16,2,1,正常,2025-07-26 03:28:15,2025-07-31
555,uzhong,男,65,武汉市,2025-07-27 07:50:19,2,3,正常,2025-07-28 19:08:44,2025-07-31
556,dyang,女,43,西宁市,2025-07-07 07:56:49,1,3,正常,2025-07-16 07:57:12,2025-07-31
557,qianghao,男,23,通辽市,2025-05-22 12:00:46,3,1,正常,2025-07-11 07:16:18,2025-07-31
558,fangwen,男,42,齐齐哈尔市,2025-03-30 19:34:29,2,4,正常,2025-07-22 09:49:03,2025-07-31
559,juansu,女,20,秀荣市,2025-05-02 17:56:02,5,1,正常,2025-06-27 16:16:49,2025-07-31
560,vqiu,未知,35,淑华县,2025-02-25 00:02:51,2,2,正常,2025-07-14 18:08:28,2025-07-31
561,wlin,女,47,磊县,2024-10-28 04:48:15,5,4,正常,2025-05-19 16:41:58,2025-07-31
562,sulei,男,18,健市,2025-04-29 16:19:33,4,5,正常,2025-07-26 16:04:17,2025-07-31
563,xumin,女,46,丹丹县,2024-09-04 02:52:34,2,5,正常,2024-09-26 00:45:51,2025-07-31
564,rlong,女,19,红霞市,2024-09-22 02:59:48,4,4,正常,2025-06-18 18:38:50,2025-07-31
565,yanyong,未知,35,济南市,2025-05-17 09:56:49,5,5,正常,2025-06-13 09:20:12,2025-07-31
566,na70,男,38,燕县,2024-10-28 20:03:59,4,2,正常,2025-06-11 09:37:24,2025-07-31
567,tao51,男,64,宁德县,2025-04-22 00:24:16,2,5,正常,2025-07-12 08:34:52,2025-07-31
568,tao18,男,32,秀芳县,2025-02-18 13:50:56,1,5,正常,2025-02-26 12:35:06,2025-07-31
569,jieshi,男,50,兴安盟县,2025-04-08 05:50:54,2,5,正常,2025-07-04 23:42:13,2025-07-31
570,jun44,男,42,潮州县,2025-07-07 12:27:35,3,2,正常,2025-07-17 17:41:42,2025-07-31
571,kkong,未知,21,小红县,2025-01-22 15:05:02,2,3,正常,2025-02-08 22:38:01,2025-07-31
572,xdai,男,55,马鞍山县,2024-12-06 10:34:43,3,2,正常,2025-07-05 04:54:13,2025-07-31
573,na19,男,43,秀荣县,2025-05-20 09:48:42,3,5,正常,2025-06-27 13:12:13,2025-07-31
574,yancheng,未知,65,桂兰县,2024-10-10 21:10:18,1,2,正常,2025-01-31 10:53:29,2025-07-31
575,gang71,女,49,六安市,2024-09-29 07:19:02,2,1,正常,2025-02-18 05:53:09,2025-07-31
576,juanwei,女,42,惠州县,2025-01-12 15:43:31,2,4,正常,2025-04-05 09:43:20,2025-07-31
577,fangwang,男,40,兰州县,2024-09-03 22:47:17,1,3,正常,2025-02-08 23:54:51,2025-07-31
578,jun89,未知,42,飞县,2024-09-07 12:14:27,2,4,正常,2025-04-06 10:40:25,2025-07-31
579,baimin,未知,44,帅县,2025-06-26 11:22:29,3,5,正常,2025-07-18 21:11:26,2025-07-31
580,gkong,未知,39,银川市,2025-01-06 02:48:19,1,3,正常,2025-07-26 05:07:51,2025-07-31
581,dchang,女,42,兰州县,2025-04-18 15:42:49,4,1,正常,2025-06-11 13:42:04,2025-07-31
582,fangsun,男,32,欢县,2024-09-07 20:48:59,5,2,正常,2024-12-13 11:06:20,2025-07-31
583,lei26,女,53,马鞍山县,2025-03-17 14:05:14,4,3,正常,2025-03-25 16:54:24,2025-07-31
584,fangzeng,女,60,建县,2025-04-09 01:57:31,1,1,正常,2025-06-09 14:31:22,2025-07-31
585,xialiu,未知,28,畅县,2025-01-07 16:16:04,5,2,正常,2025-06-21 23:56:00,2025-07-31
586,hsong,未知,33,楠市,2024-08-07 15:17:38,1,5,正常,2025-06-22 07:40:27,2025-07-31
587,chaotian,未知,46,桂香县,2025-01-13 02:46:18,5,1,正常,2025-05-28 08:02:41,2025-07-31
588,xiulanyao,女,28,永安市,2025-06-13 22:12:47,2,5,正常,2025-06-29 18:01:19,2025-07-31
589,yejing,男,59,兰州县,2025-05-06 16:49:09,5,2,正常,2025-05-25 01:32:28,2025-07-31
590,xiuyingtao,未知,59,凯市,2025-01-11 23:24:52,4,3,正常,2025-05-12 13:43:33,2025-07-31
591,ghuang,女,33,鑫县,2025-07-10 02:48:46,2,2,正常,2025-07-12 09:24:38,2025-07-31
592,jding,女,57,通辽县,2024-11-15 10:32:58,2,1,正常,2024-11-23 23:39:49,2025-07-31
593,moguiying,女,48,贵阳市,2025-05-10 17:01:37,1,4,正常,2025-05-31 03:50:54,2025-07-31
594,wei80,女,63,济南县,2024-10-02 12:03:53,4,5,正常,2025-07-20 15:51:25,2025-07-31
595,yhu,未知,64,福州市,2024-11-25 15:42:42,5,2,正常,2025-01-07 00:31:34,2025-07-31
596,taomeng,女,26,合山县,2025-06-23 12:18:49,1,3,正常,2025-06-25 14:38:57,2025-07-31
597,jgong,女,55,莉县,2025-01-01 19:33:14,1,5,正常,2025-07-13 13:25:12,2025-07-31
598,liangna,男,50,上海市,2025-07-03 06:37:36,3,1,正常,2025-07-26 13:52:45,2025-07-31
599,hyuan,女,52,艳市,2024-11-12 00:10:52,5,4,正常,2024-11-17 05:02:29,2025-07-31
600,dfeng,女,65,林县,2025-04-23 06:53:01,1,3,正常,2025-06-17 05:00:09,2025-07-31
601,yongzhong,未知,29,兰英市,2025-04-15 06:59:45,4,3,正常,2025-06-03 22:43:33,2025-07-31
602,chenqiang,男,38,欣县,2024-11-13 23:50:14,1,3,正常,2024-12-22 17:15:41,2025-07-31
603,qiang66,女,37,金凤县,2025-01-08 16:26:21,5,3,正常,2025-04-18 00:19:27,2025-07-31
604,nwang,未知,44,桂珍县,2024-12-12 23:04:59,2,2,正常,2025-02-20 11:11:10,2025-07-31
605,liugang,男,33,秀英县,2025-03-08 15:47:29,3,2,正常,2025-07-28 03:04:26,2025-07-31
606,qianjie,未知,64,淑珍市,2025-06-16 19:20:30,5,5,正常,2025-07-06 05:07:31,2025-07-31
607,qiang83,未知,27,贵阳县,2024-10-01 03:08:02,4,2,正常,2024-11-20 11:31:18,2025-07-31
608,lijing,男,49,石家庄市,2025-03-02 00:27:39,4,3,正常,2025-04-14 01:50:11,2025-07-31
609,rxiang,男,20,柳县,2025-07-14 05:52:57,2,2,正常,2025-07-29 06:34:38,2025-07-31
610,yuanli,男,56,建军县,2025-01-30 00:06:14,3,4,正常,2025-04-26 16:30:29,2025-07-31
611,htan,女,26,颖市,2024-09-28 11:26:07,2,4,正常,2025-05-03 11:41:47,2025-07-31
612,xia97,女,51,南京县,2025-07-30 14:24:35,2,2,正常,2025-07-30 20:34:41,2025-07-31
613,liaoyang,女,29,嘉禾县,2024-11-01 15:09:47,1,1,正常,2025-01-11 03:21:53,2025-07-31
614,liding,男,35,志强县,2025-03-19 04:18:31,1,5,正常,2025-04-12 08:57:10,2025-07-31
615,myang,女,64,强县,2025-06-01 18:08:50,4,1,正常,2025-07-28 02:50:20,2025-07-31
616,yangxie,男,26,邯郸县,2025-06-05 15:48:55,2,5,正常,2025-06-27 12:03:16,2025-07-31
617,haochao,男,63,合肥县,2025-05-19 03:49:37,1,2,正常,2025-05-27 00:33:10,2025-07-31
618,ijin,男,36,秀华市,2024-10-11 18:49:41,4,2,正常,2025-05-10 06:27:39,2025-07-31
619,wanxiulan,女,62,六盘水县,2024-10-05 07:07:53,2,4,正常,2024-12-30 02:58:19,2025-07-31
620,ping97,男,52,凤兰县,2025-07-12 18:23:11,2,1,正常,2025-07-14 05:12:43,2025-07-31
621,ping64,未知,48,拉萨县,2024-10-18 07:12:05,5,4,正常,2024-12-27 05:40:57,2025-07-31
622,zhaoyang,未知,36,柳县,2024-11-01 02:21:33,2,5,正常,2024-12-16 19:48:37,2025-07-31
623,xia94,未知,40,台北市,2025-07-13 21:04:21,4,1,正常,2025-07-27 14:53:05,2025-07-31
624,baijuan,男,62,晨县,2025-06-30 03:11:15,4,1,正常,2025-07-07 23:54:35,2025-07-31
625,pingjin,男,49,齐齐哈尔市,2025-06-16 11:12:13,4,2,正常,2025-07-26 06:33:49,2025-07-31
626,nazhao,未知,23,六安县,2025-04-02 08:18:17,3,3,正常,2025-06-16 11:40:07,2025-07-31
627,kongwei,女,48,石家庄县,2024-10-12 22:35:21,1,2,正常,2024-11-22 23:12:54,2025-07-31
628,uxie,男,32,秀华市,2024-12-09 10:53:37,3,3,正常,2025-05-13 23:26:30,2025-07-31
629,xiafang,未知,29,淑兰县,2024-08-24 16:25:20,2,1,正常,2025-01-02 18:36:43,2025-07-31
630,chao02,未知,39,建军市,2025-04-06 00:39:39,5,5,正常,2025-06-11 06:45:54,2025-07-31
631,xieyan,未知,60,秀荣县,2024-09-21 22:23:51,4,4,正常,2025-04-23 11:17:34,2025-07-31
632,jingyuan,女,45,东市,2024-11-16 01:23:17,1,5,正常,2025-01-03 12:34:17,2025-07-31
633,juan93,未知,56,天津市,2025-04-12 18:46:52,3,3,正常,2025-04-13 10:52:05,2025-07-31
634,junxie,女,19,马鞍山市,2024-08-03 12:14:47,2,1,正常,2024-10-21 01:10:10,2025-07-31
635,leijing,男,21,太原市,2024-12-12 19:00:17,4,4,正常,2025-03-20 07:01:53,2025-07-31
636,chaodong,未知,33,海门市,2025-02-19 22:20:13,5,3,正常,2025-03-16 05:15:00,2025-07-31
637,gpeng,未知,32,桂荣市,2025-02-05 21:56:33,5,1,正常,2025-06-23 19:35:47,2025-07-31
638,lei47,男,65,丽华县,2024-11-28 09:53:26,3,2,正常,2025-05-17 03:17:34,2025-07-31
639,whan,女,31,畅市,2025-03-20 12:33:27,5,4,正常,2025-06-11 12:49:01,2025-07-31
640,xiuying67,女,22,巢湖市,2024-09-29 03:00:15,3,1,正常,2025-02-13 15:52:39,2025-07-31
641,yiming,男,46,建军市,2025-04-20 01:46:20,3,1,正常,2025-07-20 21:23:28,2025-07-31
642,xiulanmao,未知,27,秀云县,2024-09-03 15:04:45,3,2,正常,2025-01-09 23:55:01,2025-07-31
643,songyong,男,34,淑英市,2024-11-20 23:07:05,5,4,正常,2025-02-28 14:51:30,2025-07-31
644,zhujuan,未知,29,涛市,2024-10-11 18:47:49,3,3,正常,2025-02-04 08:35:37,2025-07-31
645,qiangchen,女,55,强县,2025-03-19 21:28:03,3,5,正常,2025-06-17 10:45:38,2025-07-31
646,caiyong,未知,60,桂荣市,2025-01-08 14:32:22,4,2,正常,2025-07-29 15:32:46,2025-07-31
647,kmo,女,62,北京市,2025-06-17 21:20:31,1,4,正常,2025-07-27 03:14:37,2025-07-31
648,rma,未知,39,燕县,2025-07-29 21:24:58,2,1,正常,2025-07-30 00:15:29,2025-07-31
649,na58,男,57,文县,2025-05-22 08:39:39,5,3,正常,2025-06-14 08:37:04,2025-07-31
650,jingwan,未知,23,拉萨县,2025-06-12 14:19:19,5,2,正常,2025-06-13 12:43:14,2025-07-31
651,ama,女,31,慧市,2025-06-10 08:02:10,4,2,正常,2025-07-24 00:49:46,2025-07-31
652,jinghu,未知,62,兰州县,2025-02-07 18:20:51,4,4,正常,2025-05-18 03:27:23,2025-07-31
653,xiulancheng,男,43,辽阳县,2024-09-30 01:36:35,1,1,正常,2025-07-01 18:33:00,2025-07-31
654,gang87,女,46,云县,2025-02-07 13:18:32,5,2,正常,2025-04-10 03:44:15,2025-07-31
655,leiping,男,41,洋市,2025-07-03 09:35:36,1,2,正常,2025-07-07 07:23:17,2025-07-31
656,xjiang,女,56,云县,2024-08-20 16:23:17,3,4,正常,2024-10-29 20:46:30,2025-07-31
657,nzhou,未知,46,南昌市,2024-09-19 01:26:29,1,2,正常,2025-05-06 17:04:13,2025-07-31
658,xiuyingzhao,男,22,柳县,2025-06-28 08:49:44,2,3,正常,2025-07-03 12:50:45,2025-07-31
659,djiang,未知,63,济南县,2025-04-10 23:11:04,5,5,正常,2025-04-11 08:07:00,2025-07-31
660,ychen,未知,52,佳市,2024-10-15 16:39:50,1,3,正常,2024-12-14 00:59:51,2025-07-31
661,jun93,男,51,济南市,2025-07-06 18:09:41,5,5,正常,2025-07-12 19:18:15,2025-07-31
662,xia42,女,61,浩市,2025-03-05 03:45:47,2,4,正常,2025-07-20 06:18:43,2025-07-31
663,huangtao,男,65,丽华县,2024-09-26 21:12:04,4,2,正常,2025-03-27 09:57:19,2025-07-31
664,xhuang,男,19,兴城市,2024-10-09 11:55:07,4,1,正常,2025-04-09 02:04:03,2025-07-31
665,taocao,男,41,颖县,2024-10-19 10:49:58,2,4,正常,2025-02-01 12:30:37,2025-07-31
666,zhouyan,男,60,梅市,2025-03-16 12:28:36,2,4,正常,2025-04-22 17:07:15,2025-07-31
667,yanchen,女,24,荣县,2025-07-02 13:42:59,4,1,正常,2025-07-14 15:00:35,2025-07-31
668,vgong,男,63,丽丽市,2025-07-20 18:47:34,1,2,正常,2025-07-23 14:51:12,2025-07-31
669,gangyu,男,19,上海县,2024-11-05 14:09:27,4,2,正常,2025-01-06 13:44:03,2025-07-31
670,jdeng,男,46,冬梅县,2025-06-05 02:57:08,1,1,正常,2025-07-21 20:12:50,2025-07-31
671,yongmeng,男,18,秀荣县,2024-09-28 13:18:14,3,3,正常,2025-07-11 09:37:34,2025-07-31
672,fangxia,未知,51,畅县,2025-05-27 20:43:27,2,4,正常,2025-07-11 03:38:58,2025-07-31
673,gang44,男,51,成市,2025-01-23 06:46:19,2,1,正常,2025-06-10 16:33:19,2025-07-31
674,jingzhu,女,36,成都县,2025-05-09 13:42:03,1,1,正常,2025-05-13 15:55:19,2025-07-31
675,lei53,男,24,晨市,2025-04-21 16:18:41,4,3,正常,2025-06-03 03:42:10,2025-07-31
676,jing48,未知,28,佳市,2025-02-11 00:50:07,1,3,正常,2025-03-18 11:57:49,2025-07-31
677,jun63,未知,19,阜新市,2025-05-16 12:13:50,1,1,正常,2025-07-04 14:03:11,2025-07-31
678,zhouguiying,未知,54,飞县,2024-10-12 21:20:27,1,3,正常,2025-07-27 18:29:49,2025-07-31
679,daixia,未知,26,博市,2024-11-20 04:10:09,5,3,正常,2025-05-18 01:20:14,2025-07-31
680,dwang,女,37,浩县,2025-05-28 06:55:51,3,5,正常,2025-06-03 04:45:39,2025-07-31
681,hzhu,男,34,南昌县,2024-11-17 10:37:27,4,4,正常,2025-04-21 23:24:04,2025-07-31
682,xiuyingzhao,男,35,鑫县,2025-04-24 23:43:21,2,1,正常,2025-07-28 04:36:33,2025-07-31
683,yantao,未知,50,嘉禾县,2025-05-13 15:53:42,4,3,正常,2025-05-27 08:08:59,2025-07-31
684,qiangjin,女,59,红县,2024-09-10 20:44:39,1,2,正常,2024-10-19 16:44:02,2025-07-31
685,yangzhao,男,36,欢县,2025-01-01 22:16:30,4,5,正常,2025-07-26 20:57:02,2025-07-31
686,wliu,男,26,丹市,2025-07-24 13:30:59,2,5,正常,2025-07-29 00:10:05,2025-07-31
687,xiuying48,男,60,敏市,2024-12-16 06:43:36,1,1,正常,2025-04-30 10:50:52,2025-07-31
688,li82,男,60,红县,2025-06-12 01:58:22,4,5,正常,2025-06-19 08:32:15,2025-07-31
689,haolei,男,53,洁市,2025-05-04 14:46:16,2,5,正常,2025-07-18 22:49:49,2025-07-31
690,yongtao,未知,37,玉兰县,2025-07-27 04:48:15,5,4,正常,2025-07-28 17:07:19,2025-07-31
691,jing16,未知,45,桂兰县,2025-04-12 16:57:59,3,2,正常,2025-07-11 07:48:09,2025-07-31
692,taoxue,未知,47,小红市,2024-11-02 18:03:27,1,3,正常,2025-03-21 19:59:16,2025-07-31
693,tao20,女,19,澳门县,2025-02-19 08:26:40,4,2,正常,2025-07-15 18:16:33,2025-07-31
694,xfang,女,47,玉珍县,2024-09-11 21:20:20,2,4,正常,2025-01-15 04:59:23,2025-07-31
695,ehe,男,62,西宁县,2025-03-19 13:44:46,3,2,正常,2025-05-09 04:24:50,2025-07-31
696,chu,男,24,强县,2024-12-31 01:36:51,2,4,正常,2025-06-23 20:45:06,2025-07-31
697,yanchao,男,35,秀梅市,2025-07-14 20:49:04,4,5,正常,2025-07-28 07:37:08,2025-07-31
698,yong19,男,54,莉县,2025-06-12 00:54:01,5,2,正常,2025-07-05 04:55:04,2025-07-31
699,weiqiang,女,20,丽市,2024-08-23 02:44:21,1,3,正常,2025-06-04 21:27:27,2025-07-31
700,jun48,女,59,淑华市,2024-09-02 13:03:41,3,4,正常,2025-03-27 11:25:47,2025-07-31
701,mjin,未知,28,坤县,2024-11-18 07:15:39,3,1,正常,2025-02-08 02:07:27,2025-07-31
702,mengguiying,女,34,潮州县,2024-11-30 01:31:21,4,4,正常,2025-06-15 20:49:27,2025-07-31
703,leishi,女,19,玉英县,2025-06-12 03:12:27,1,1,正常,2025-06-27 15:58:50,2025-07-31
704,wei35,女,65,兰州县,2025-07-23 00:45:40,5,4,正常,2025-07-24 10:04:26,2025-07-31
705,mingzhao,未知,62,霞县,2024-12-08 04:32:48,4,2,正常,2025-06-15 23:53:15,2025-07-31
706,gang58,未知,63,嘉禾县,2024-10-26 00:54:42,4,3,正常,2024-11-10 14:18:33,2025-07-31
707,jwu,女,56,南京县,2024-09-10 10:58:35,1,3,正常,2025-01-20 02:16:15,2025-07-31
708,oxu,未知,54,贵阳市,2024-10-15 08:54:30,4,3,正常,2025-01-11 14:25:23,2025-07-31
709,fang86,男,34,西宁县,2025-02-19 13:11:20,5,3,正常,2025-04-21 06:44:39,2025-07-31
710,uwan,女,59,刚县,2025-05-28 18:27:35,2,4,正常,2025-06-28 04:30:29,2025-07-31
711,minyan,男,41,丽华市,2025-05-09 01:25:04,5,4,正常,2025-05-27 20:10:47,2025-07-31
712,hliang,男,45,阜新县,2025-07-27 02:04:48,4,3,正常,2025-07-28 05:35:27,2025-07-31
713,sxia,男,29,沈阳市,2025-03-22 12:06:07,3,5,正常,2025-04-02 05:12:13,2025-07-31
714,junsu,男,30,汕尾市,2025-01-13 11:23:11,4,3,正常,2025-02-21 12:27:36,2025-07-31
715,tanguiying,女,26,玉县,2025-04-13 09:07:28,3,3,正常,2025-07-22 21:25:32,2025-07-31
716,tao68,男,33,昆明市,2024-11-30 01:07:34,2,5,正常,2024-12-14 08:33:25,2025-07-31
717,chao41,未知,24,澳门市,2025-02-16 20:59:21,1,4,正常,2025-06-11 06:49:41,2025-07-31
718,zhengyang,未知,37,拉萨县,2025-05-01 09:16:34,3,1,正常,2025-06-26 04:39:38,2025-07-31
719,fyi,未知,29,凤英县,2025-02-21 18:39:42,2,4,正常,2025-04-14 12:26:13,2025-07-31
720,qiang34,未知,47,阜新市,2025-01-05 08:11:33,3,4,正常,2025-01-19 20:54:50,2025-07-31
721,xufang,未知,55,合山市,2024-11-12 19:41:20,5,5,正常,2025-06-01 12:28:44,2025-07-31
722,apan,未知,28,武汉市,2024-10-11 20:58:45,5,2,正常,2025-02-28 08:12:39,2025-07-31
723,suming,未知,52,辉市,2024-08-18 10:04:09,4,3,正常,2025-01-25 07:09:08,2025-07-31
724,yexia,女,63,雪县,2025-07-19 06:19:48,2,3,正常,2025-07-24 00:49:10,2025-07-31
725,yongzou,男,48,成市,2025-02-20 20:52:07,3,5,正常,2025-05-27 07:04:36,2025-07-31
726,yantan,男,44,柳州市,2024-10-20 07:56:02,2,4,正常,2025-04-01 15:14:54,2025-07-31
727,minqiu,女,24,银川县,2025-02-21 23:29:56,2,2,正常,2025-05-19 22:46:42,2025-07-31
728,xia85,未知,22,沈阳市,2024-09-06 01:01:37,4,2,正常,2024-11-27 03:45:40,2025-07-31
729,chaohe,女,35,桂珍县,2024-10-15 14:47:45,3,2,正常,2025-03-02 10:33:27,2025-07-31
730,juan14,女,36,邯郸县,2025-06-18 19:19:21,4,5,正常,2025-07-29 19:22:44,2025-07-31
731,vcao,未知,37,想市,2025-06-28 17:28:02,1,3,正常,2025-07-19 05:00:52,2025-07-31
732,liangmin,男,29,帆市,2025-07-26 07:18:54,1,2,正常,2025-07-27 04:50:26,2025-07-31
733,houli,女,33,丽娟市,2025-05-22 23:27:00,1,1,正常,2025-06-29 05:26:18,2025-07-31
734,yongtian,男,60,柳州市,2025-04-13 08:38:14,1,1,正常,2025-07-11 03:31:37,2025-07-31
735,ming47,男,57,淮安县,2025-05-06 02:06:38,1,2,正常,2025-06-28 05:21:11,2025-07-31
736,jieshen,女,30,璐市,2025-06-24 17:22:22,3,2,正常,2025-07-19 05:56:38,2025-07-31
737,suxia,未知,21,静县,2025-05-24 14:36:10,4,5,正常,2025-06-05 08:10:17,2025-07-31
738,wanxiuying,女,18,桂芳县,2025-05-08 00:07:34,5,5,正常,2025-05-17 05:46:20,2025-07-31
739,nafeng,男,42,福州县,2024-10-31 09:46:25,2,2,正常,2025-07-25 15:20:07,2025-07-31
740,zjiang,男,60,小红市,2025-05-27 01:45:47,2,4,正常,2025-07-05 23:21:53,2025-07-31
741,fang78,女,24,沈阳市,2024-09-27 12:56:09,1,5,正常,2025-06-25 16:49:33,2025-07-31
742,minggao,男,52,梧州县,2025-04-09 02:33:08,3,2,正常,2025-06-05 11:46:47,2025-07-31
743,fangkong,男,34,香港市,2025-04-14 21:05:45,5,1,正常,2025-06-17 17:38:34,2025-07-31
744,lei27,女,60,大冶县,2025-01-02 20:55:04,3,3,正常,2025-05-30 10:21:34,2025-07-31
745,na03,男,65,秀梅市,2025-03-18 07:38:41,3,3,正常,2025-04-13 14:00:11,2025-07-31
746,xiulanzhu,未知,41,长春县,2024-12-14 08:33:58,3,1,正常,2024-12-16 12:34:42,2025-07-31
747,lutao,男,57,佛山市,2025-05-18 23:43:48,3,2,正常,2025-07-10 18:28:29,2025-07-31
748,dengxiuying,未知,22,鹏市,2024-08-02 10:27:40,2,4,正常,2025-02-24 20:02:15,2025-07-31
749,yan73,女,18,桂芝县,2024-11-07 03:17:54,5,5,正常,2024-11-19 12:57:12,2025-07-31
750,shenmin,男,51,鑫县,2025-01-19 12:19:31,5,5,正常,2025-04-24 05:02:23,2025-07-31
751,jiezhou,未知,62,浩县,2025-05-23 11:12:10,1,4,正常,2025-07-07 16:13:44,2025-07-31
752,guiying40,未知,46,香港市,2024-11-10 05:07:20,2,3,正常,2025-07-07 05:53:33,2025-07-31
753,yongpan,男,46,重庆市,2024-09-17 21:52:30,5,2,正常,2025-03-31 21:07:20,2025-07-31
754,wei22,女,39,哈尔滨市,2025-06-28 20:51:22,5,5,正常,2025-07-20 11:19:37,2025-07-31
755,uduan,未知,62,北京县,2025-04-16 19:17:49,4,1,正常,2025-07-29 07:51:47,2025-07-31
756,leimeng,未知,48,北京市,2025-07-16 16:06:55,2,4,正常,2025-07-16 16:59:55,2025-07-31
757,leimeng,女,33,建平县,2025-04-26 20:16:54,1,2,正常,2025-05-24 20:54:15,2025-07-31
758,xia21,女,58,丽市,2024-12-31 11:30:29,1,3,正常,2025-07-21 09:56:24,2025-07-31
759,yhe,女,32,玉梅县,2025-01-13 01:16:04,1,3,正常,2025-03-28 16:34:12,2025-07-31
760,xiulan14,女,30,长沙县,2024-07-31 21:31:36,2,4,正常,2024-10-16 14:41:13,2025-07-31
761,changjing,未知,46,南京县,2024-12-11 02:24:52,3,2,正常,2025-05-12 17:34:06,2025-07-31
762,huwei,女,29,哈尔滨县,2025-04-10 02:35:19,5,4,正常,2025-07-09 22:06:08,2025-07-31
763,yan62,男,35,通辽市,2025-05-30 16:56:33,3,2,正常,2025-07-26 21:04:12,2025-07-31
764,fshao,女,45,乌鲁木齐市,2025-06-28 10:47:42,3,3,正常,2025-07-15 18:14:27,2025-07-31
765,xiulanyuan,未知,57,文县,2025-04-14 13:00:30,3,3,正常,2025-05-31 09:27:14,2025-07-31
766,imo,女,53,柳州县,2024-09-19 15:57:02,2,3,正常,2025-07-26 02:47:01,2025-07-31
767,mbai,男,61,惠州市,2024-11-24 20:40:26,4,1,正常,2025-04-14 07:13:00,2025-07-31
768,min57,女,42,成都市,2025-05-05 20:56:55,5,2,正常,2025-07-05 04:21:46,2025-07-31
769,nzeng,女,30,潮州市,2025-02-19 10:03:28,2,4,正常,2025-05-15 17:01:11,2025-07-31
770,xiazeng,男,40,东莞县,2024-09-23 07:32:00,4,1,正常,2024-11-11 04:45:55,2025-07-31
771,junlu,女,37,红梅市,2025-05-08 23:32:50,3,5,正常,2025-06-27 12:12:00,2025-07-31
772,azhao,未知,40,长沙县,2025-06-11 17:14:39,5,5,正常,2025-07-21 11:42:23,2025-07-31
773,jiajing,女,47,旭市,2025-05-08 14:57:16,3,5,正常,2025-07-03 12:57:33,2025-07-31
774,pcai,女,42,莹市,2024-11-25 02:12:57,4,4,正常,2025-06-26 18:52:48,2025-07-31
775,fanguiying,男,18,瑞县,2024-11-13 07:57:05,3,1,正常,2025-04-05 22:51:03,2025-07-31
776,guiying70,未知,55,华市,2024-11-02 00:34:24,2,1,正常,2025-06-15 00:22:54,2025-07-31
777,esun,男,35,玲县,2024-09-10 05:03:07,1,4,正常,2025-04-15 14:12:43,2025-07-31
778,gguo,女,51,辛集市,2024-09-26 13:47:24,5,1,正常,2024-11-29 11:02:35,2025-07-31
779,mingkang,女,65,洋市,2025-07-22 23:45:57,5,3,正常,2025-07-28 10:32:34,2025-07-31
780,ncheng,未知,44,辉市,2024-12-15 10:10:19,4,3,正常,2025-01-02 00:55:57,2025-07-31
781,vyan,男,52,兰州县,2024-09-17 21:44:51,2,1,正常,2024-12-10 01:43:14,2025-07-31
782,yiping,未知,29,香港市,2025-02-02 02:59:20,1,5,正常,2025-07-06 12:43:10,2025-07-31
783,liuyan,女,27,六盘水县,2025-01-31 03:29:52,3,3,正常,2025-03-26 15:10:53,2025-07-31
784,xiulan33,女,39,阜新县,2024-12-09 08:26:05,1,4,正常,2025-01-07 09:18:58,2025-07-31
785,leishi,女,57,刚县,2025-03-30 02:09:00,5,3,正常,2025-06-20 11:18:17,2025-07-31
786,na18,未知,39,琳县,2024-09-08 03:04:06,2,4,正常,2025-03-02 23:05:40,2025-07-31
787,shu,未知,61,张家港市,2024-10-25 16:58:55,1,1,正常,2025-03-15 00:28:29,2025-07-31
788,leizheng,男,36,强市,2025-04-15 20:12:59,3,3,正常,2025-06-27 10:12:02,2025-07-31
789,tcui,女,43,太原县,2024-09-25 04:31:47,2,5,正常,2025-06-25 23:26:56,2025-07-31
790,guiyingren,男,53,南京市,2024-09-03 00:57:11,3,1,正常,2025-01-12 21:57:31,2025-07-31
791,minglong,女,43,兴安盟县,2025-06-12 20:30:37,5,1,正常,2025-06-21 22:03:00,2025-07-31
792,rchang,女,18,林市,2025-02-02 04:43:57,4,3,正常,2025-03-10 20:57:11,2025-07-31
793,yan36,未知,22,佛山市,2025-04-16 00:45:35,1,5,正常,2025-04-16 06:12:32,2025-07-31
794,fenglei,女,64,郑州市,2025-03-28 07:02:46,3,1,正常,2025-07-24 21:03:51,2025-07-31
795,jyang,女,25,南昌县,2024-12-13 19:35:51,4,5,正常,2025-01-31 21:04:52,2025-07-31
796,li27,男,44,马鞍山县,2025-06-08 22:02:10,2,1,正常,2025-07-19 23:53:23,2025-07-31
797,gongjie,女,36,峰县,2025-03-26 20:40:28,5,4,正常,2025-04-20 04:00:11,2025-07-31
798,jun28,未知,26,东莞县,2025-01-15 20:08:42,2,4,正常,2025-04-21 02:34:26,2025-07-31
799,luchao,女,43,颖县,2025-06-27 03:38:59,3,1,正常,2025-06-29 14:27:45,2025-07-31
800,baixia,女,49,玉华市,2025-07-11 07:48:01,1,4,正常,2025-07-19 11:34:52,2025-07-31
801,fangchang,女,33,建国市,2024-12-02 10:27:33,2,1,正常,2025-05-25 09:06:35,2025-07-31
802,haoyan,未知,34,兰州县,2025-07-12 05:27:47,3,4,正常,2025-07-24 02:45:10,2025-07-31
803,xia34,未知,60,丽丽县,2024-10-18 02:48:18,1,4,正常,2025-05-14 14:12:05,2025-07-31
804,weiliao,未知,61,淮安县,2025-02-05 13:49:43,2,3,正常,2025-03-11 19:13:09,2025-07-31
805,panguiying,男,21,海门市,2025-02-17 02:04:23,4,1,正常,2025-04-24 04:09:08,2025-07-31
806,nama,女,64,飞市,2024-12-12 00:36:43,3,5,正常,2025-01-08 16:40:45,2025-07-31
807,yanli,男,60,贵阳县,2025-03-09 01:45:04,1,5,正常,2025-07-27 18:10:51,2025-07-31
808,jingtao,女,51,永安市,2025-03-20 10:35:16,3,5,正常,2025-04-28 07:32:19,2025-07-31
809,mochao,男,52,昆明县,2025-02-14 04:41:16,4,5,正常,2025-07-10 13:13:41,2025-07-31
810,jing65,男,58,杭州市,2025-04-23 09:48:43,1,1,正常,2025-05-11 20:41:09,2025-07-31
811,minkong,未知,28,嘉禾市,2025-01-23 00:04:41,1,3,正常,2025-06-02 08:01:08,2025-07-31
812,pmeng,女,64,梅县,2025-07-11 10:14:39,5,4,正常,2025-07-12 10:50:18,2025-07-31
813,wei35,女,60,芳县,2024-11-20 14:25:55,1,1,正常,2025-06-28 21:29:48,2025-07-31
814,chao30,未知,65,广州县,2025-02-22 16:48:45,4,5,正常,2025-06-21 04:56:26,2025-07-31
815,yuanxiulan,男,36,静县,2024-07-31 11:46:14,5,4,正常,2025-03-29 03:25:37,2025-07-31
816,chaowan,男,61,帅县,2024-11-15 19:44:59,2,3,正常,2025-02-22 07:32:30,2025-07-31
817,ezhong,未知,37,颖县,2025-07-05 11:57:27,4,3,正常,2025-07-12 17:07:14,2025-07-31
818,caixia,女,36,澳门县,2025-03-20 13:18:20,4,5,正常,2025-04-10 01:11:29,2025-07-31
819,dlin,女,39,玲市,2024-11-29 19:26:36,2,3,正常,2025-05-04 10:50:48,2025-07-31
820,junfan,未知,32,郑州县,2025-05-07 07:37:39,2,5,正常,2025-07-24 08:37:31,2025-07-31
821,yhuang,未知,63,北京县,2024-11-14 03:10:23,3,2,正常,2025-05-02 21:51:31,2025-07-31
822,taojiang,女,23,邯郸县,2025-01-16 05:08:51,3,3,正常,2025-06-30 22:49:04,2025-07-31
823,panmin,女,33,龙县,2025-02-26 19:35:21,5,3,正常,2025-03-19 21:07:51,2025-07-31
824,jing18,女,40,秀芳县,2024-08-25 21:11:50,3,1,正常,2025-03-14 10:45:39,2025-07-31
825,xiulan03,男,50,邯郸市,2025-01-14 21:41:53,3,3,正常,2025-06-16 14:08:27,2025-07-31
826,yonglai,女,34,建平县,2024-09-01 13:43:57,3,3,正常,2025-01-01 02:09:59,2025-07-31
827,yaoxiuying,未知,63,成都县,2024-11-06 16:14:30,1,3,正常,2025-04-20 18:47:05,2025-07-31
828,ptao,男,35,香港市,2024-11-23 15:40:24,1,5,正常,2025-04-04 15:18:50,2025-07-31
829,ideng,未知,32,长春县,2025-07-27 17:54:11,3,1,正常,2025-07-29 14:50:08,2025-07-31
830,gang34,未知,52,马鞍山市,2024-08-09 11:41:00,5,4,正常,2024-09-06 09:47:53,2025-07-31
831,yong90,女,37,辛集县,2024-12-29 19:42:13,2,2,正常,2025-04-11 19:29:09,2025-07-31
832,xiulan88,男,19,梧州市,2025-05-09 07:50:20,2,2,正常,2025-06-02 00:23:36,2025-07-31
833,leixia,未知,25,香港县,2025-07-05 01:51:20,4,3,正常,2025-07-08 15:48:58,2025-07-31
834,oyin,女,65,福州县,2024-11-04 15:00:40,1,1,正常,2025-05-02 08:57:09,2025-07-31
835,wchen,未知,47,兴安盟市,2024-08-17 04:06:26,2,3,正常,2025-01-19 16:18:56,2025-07-31
836,pengyong,男,54,澳门市,2025-01-22 06:51:17,2,1,正常,2025-03-28 01:34:26,2025-07-31
837,qiang26,未知,64,淑珍县,2025-03-04 13:26:30,4,1,正常,2025-03-30 11:51:46,2025-07-31
838,wei62,女,55,秀华县,2024-09-19 17:45:44,4,1,正常,2025-01-27 01:12:15,2025-07-31
839,ftang,男,32,辽阳县,2024-11-30 21:29:55,4,4,正常,2025-01-11 17:23:51,2025-07-31
840,ming98,未知,22,昆明县,2025-05-22 18:27:35,2,4,正常,2025-07-01 04:01:30,2025-07-31
841,huanggang,男,42,芳市,2025-02-01 20:38:41,5,3,正常,2025-07-02 06:37:23,2025-07-31
842,fangmeng,女,34,金凤县,2025-06-04 23:34:58,3,2,正常,2025-07-06 19:59:51,2025-07-31
843,dtan,女,48,沈阳县,2024-08-29 01:39:40,3,4,正常,2024-09-26 02:21:32,2025-07-31
844,udai,未知,55,哈尔滨市,2024-09-22 08:09:38,1,5,正常,2025-05-08 07:40:17,2025-07-31
845,ping91,未知,47,春梅市,2024-11-11 23:45:32,4,3,正常,2025-07-27 02:49:44,2025-07-31
846,xia36,男,61,建军市,2024-09-17 21:08:11,3,4,正常,2025-02-13 14:13:45,2025-07-31
847,gang67,女,41,瑞县,2025-06-30 07:42:57,4,2,正常,2025-07-03 09:34:40,2025-07-31
848,junzeng,女,26,天津县,2025-06-26 05:57:20,2,5,正常,2025-06-29 04:33:14,2025-07-31
849,dkang,男,49,嘉禾县,2025-01-19 10:55:34,1,3,正常,2025-03-25 00:07:29,2025-07-31
850,azhu,女,23,淑珍市,2024-11-03 00:13:48,3,4,正常,2025-02-13 19:09:24,2025-07-31
851,jsu,未知,25,拉萨县,2025-07-23 11:55:27,3,3,正常,2025-07-26 16:46:51,2025-07-31
852,weiyan,女,37,燕县,2025-06-05 07:20:42,4,2,正常,2025-07-20 01:35:10,2025-07-31
853,lei48,未知,57,成都县,2025-02-12 08:49:35,3,5,正常,2025-06-12 02:33:36,2025-07-31
854,chaozhu,未知,20,桂芝县,2024-12-10 00:26:44,3,5,正常,2025-05-17 12:25:11,2025-07-31
855,bsun,女,53,淮安县,2025-05-13 09:59:50,5,1,正常,2025-05-17 14:37:52,2025-07-31
856,qinna,未知,23,博市,2025-02-26 08:46:38,3,3,正常,2025-06-15 11:47:13,2025-07-31
857,tianxiulan,未知,38,合山市,2025-03-13 14:58:06,5,3,正常,2025-03-27 07:56:07,2025-07-31
858,liujun,未知,53,成都市,2024-12-26 05:43:33,4,2,正常,2025-06-30 23:10:53,2025-07-31
859,mxiang,未知,21,金凤市,2024-09-27 16:04:40,4,1,正常,2025-07-09 19:51:47,2025-07-31
860,dqiao,未知,23,六盘水县,2024-11-21 02:31:34,2,5,正常,2025-07-01 21:55:50,2025-07-31
861,qshi,未知,31,淮安市,2024-09-03 22:33:18,5,2,正常,2025-01-15 20:07:53,2025-07-31
862,kangguiying,未知,19,广州县,2025-03-08 06:16:22,1,2,正常,2025-03-14 12:55:08,2025-07-31
863,yangguiying,女,52,上海市,2024-12-12 02:27:10,1,2,正常,2025-04-21 11:31:28,2025-07-31
864,juantian,未知,64,华市,2025-06-17 14:49:43,1,4,正常,2025-06-24 11:40:39,2025-07-31
865,fangcui,女,40,佛山县,2025-04-13 01:35:40,4,4,正常,2025-04-18 07:16:07,2025-07-31
866,xuxiulan,男,55,俊市,2024-11-12 12:20:43,1,2,正常,2025-05-11 12:26:01,2025-07-31
867,tfan,女,21,石家庄县,2024-09-05 06:57:02,3,5,正常,2025-03-02 22:58:05,2025-07-31
868,lei13,男,23,重庆县,2025-07-01 11:09:25,5,5,正常,2025-07-09 23:24:33,2025-07-31
869,ymo,男,18,马鞍山县,2025-02-04 01:06:29,4,1,正常,2025-03-29 19:00:16,2025-07-31
870,qiangwu,女,59,南昌市,2024-10-01 05:51:21,3,3,正常,2024-10-29 21:13:18,2025-07-31
871,guoxiuying,男,44,潜江县,2025-06-02 16:22:03,2,5,正常,2025-06-05 14:47:57,2025-07-31
872,ofang,男,36,淮安县,2025-02-20 23:04:19,4,2,正常,2025-06-14 17:13:37,2025-07-31
873,chao95,男,27,梧州市,2025-07-17 00:39:08,2,4,正常,2025-07-17 14:31:34,2025-07-31
874,icui,男,30,志强县,2025-04-25 05:08:14,1,3,正常,2025-05-10 08:44:50,2025-07-31
875,xiangjuan,男,25,南昌县,2024-10-05 14:45:41,1,5,正常,2024-11-20 23:23:59,2025-07-31
876,pingtian,男,29,柳州市,2025-03-20 18:27:24,2,1,正常,2025-04-30 03:47:30,2025-07-31
877,juanwan,女,45,深圳县,2024-11-17 20:18:25,1,3,正常,2024-12-02 03:50:21,2025-07-31
878,gang73,女,56,平县,2025-06-28 17:08:02,3,4,正常,2025-07-23 16:54:51,2025-07-31
879,chengjuan,女,42,林县,2025-05-13 07:53:42,4,2,正常,2025-07-15 17:39:38,2025-07-31
880,wanxiuying,男,42,宁市,2024-10-25 14:55:32,2,5,正常,2024-12-12 01:32:56,2025-07-31
881,fangguo,男,64,春梅市,2025-05-01 14:40:26,4,1,正常,2025-06-28 20:02:46,2025-07-31
882,vtian,男,65,济南县,2025-03-02 16:39:19,1,3,正常,2025-05-20 14:03:45,2025-07-31
883,qiang41,男,31,莉县,2025-06-27 07:52:06,5,5,正常,2025-07-26 08:30:13,2025-07-31
884,xiulan91,女,28,柳州市,2025-05-18 16:59:53,1,2,正常,2025-06-10 09:58:58,2025-07-31
885,wei16,男,54,文市,2025-05-21 11:17:17,3,1,正常,2025-06-10 15:26:26,2025-07-31
886,tzhao,男,39,佳县,2025-05-20 08:00:34,1,3,正常,2025-07-20 02:06:26,2025-07-31
887,juan66,女,53,英县,2024-08-15 21:39:23,3,2,正常,2025-03-10 23:03:43,2025-07-31
888,wtan,女,29,涛县,2025-05-28 21:33:38,5,5,正常,2025-07-13 22:04:58,2025-07-31
889,naguo,男,49,荆门市,2025-04-28 22:50:59,2,2,正常,2025-06-21 22:32:13,2025-07-31
890,qianxiuying,未知,43,伟县,2025-02-24 16:23:21,2,3,正常,2025-06-28 07:29:37,2025-07-31
891,zhoujun,女,18,龙市,2025-04-20 07:58:04,2,1,正常,2025-06-17 14:43:07,2025-07-31
892,jun02,男,38,帅市,2025-04-26 23:37:20,4,1,正常,2025-07-09 13:49:21,2025-07-31
893,qiang32,男,33,荆门市,2024-12-02 18:28:32,2,4,正常,2025-03-18 22:38:54,2025-07-31
894,junqian,未知,54,桂芝县,2025-07-13 21:35:53,2,3,正常,2025-07-17 00:40:12,2025-07-31
895,csu,女,31,关岭市,2025-05-13 05:37:52,4,1,正常,2025-06-03 12:30:15,2025-07-31
896,mingzhu,男,44,秀芳市,2025-07-21 08:00:13,4,4,正常,2025-07-26 00:46:02,2025-07-31
897,jing69,男,40,杨县,2025-07-28 21:09:44,3,4,正常,2025-07-29 23:05:00,2025-07-31
898,yangsong,未知,51,福州市,2025-05-20 02:22:29,3,3,正常,2025-06-12 00:23:22,2025-07-31
899,taodu,男,63,上海县,2024-09-27 09:42:22,4,5,正常,2025-06-08 00:07:35,2025-07-31
900,qiantao,未知,55,香港市,2025-03-18 22:28:21,1,4,正常,2025-07-14 07:08:22,2025-07-31
901,duanqiang,男,20,平县,2025-07-16 04:08:34,1,3,正常,2025-07-22 00:36:13,2025-07-31
902,gangjin,女,38,呼和浩特市,2024-11-02 08:29:39,1,4,正常,2025-01-22 01:20:36,2025-07-31
903,wei58,女,24,北京市,2024-11-26 19:21:49,3,3,正常,2025-07-19 21:56:46,2025-07-31
904,min96,未知,40,楠市,2024-08-28 10:42:41,3,4,正常,2025-01-10 01:57:40,2025-07-31
905,yong74,女,64,敏县,2025-03-09 10:32:27,3,2,正常,2025-07-13 17:13:14,2025-07-31
906,qbai,男,50,娜县,2025-06-27 07:01:09,4,2,正常,2025-07-06 05:26:54,2025-07-31
907,changtao,未知,52,南昌市,2025-02-19 04:14:05,3,4,正常,2025-05-02 12:23:31,2025-07-31
908,yong13,未知,29,玲市,2025-04-17 19:11:46,3,2,正常,2025-05-20 00:43:55,2025-07-31
909,songtao,未知,34,磊县,2025-04-17 09:14:02,2,1,正常,2025-07-11 12:56:54,2025-07-31
910,mwei,女,46,建国市,2025-05-20 19:28:16,4,5,正常,2025-06-30 21:49:58,2025-07-31
911,taoxiang,女,60,雪梅县,2025-04-20 23:55:41,4,1,正常,2025-06-18 12:06:09,2025-07-31
912,yongcao,未知,26,慧市,2025-05-16 21:02:56,3,5,正常,2025-07-06 12:26:25,2025-07-31
913,tangming,男,25,大冶市,2025-04-15 20:44:36,5,3,正常,2025-05-08 10:28:26,2025-07-31
914,songjun,男,41,拉萨市,2024-10-07 11:33:26,5,5,正常,2025-07-03 05:16:24,2025-07-31
915,mincao,女,31,长春县,2025-03-21 19:06:40,1,1,正常,2025-07-15 04:41:43,2025-07-31
916,junqiu,男,21,郑州市,2024-11-12 00:15:24,4,3,正常,2024-11-26 16:21:43,2025-07-31
917,yangxiang,未知,27,刚市,2024-11-09 13:38:57,2,2,正常,2025-07-28 19:35:09,2025-07-31
918,xfeng,男,55,晨县,2025-02-23 11:30:59,2,1,正常,2025-07-08 19:37:48,2025-07-31
919,zhuli,男,31,台北市,2025-03-03 20:37:11,4,3,正常,2025-04-29 22:01:28,2025-07-31
920,taoshi,女,48,乌鲁木齐市,2025-01-09 00:21:55,3,5,正常,2025-02-12 03:16:54,2025-07-31
921,wmeng,女,27,桂芝县,2025-06-07 11:48:56,5,2,正常,2025-06-10 09:18:24,2025-07-31
922,xiaojuan,未知,29,辛集县,2025-03-23 00:37:57,3,4,正常,2025-04-14 00:11:50,2025-07-31
923,ozhu,男,65,宜都县,2025-06-09 09:37:47,2,1,正常,2025-06-17 00:58:15,2025-07-31
924,daixiulan,男,33,桂英县,2024-10-30 07:15:45,5,2,正常,2025-01-27 05:53:04,2025-07-31
925,xiulan50,未知,65,博市,2024-11-04 21:20:24,1,3,正常,2025-03-21 09:51:28,2025-07-31
926,yong38,男,46,昆明市,2025-01-28 06:44:06,1,3,正常,2025-03-05 11:18:58,2025-07-31
927,leiliu,男,63,佳市,2025-07-21 18:36:38,5,4,正常,2025-07-25 15:55:25,2025-07-31
928,jieyan,未知,57,小红县,2025-04-26 21:45:15,3,1,正常,2025-07-27 00:11:17,2025-07-31
929,zenglei,男,56,合肥市,2025-06-15 12:44:59,2,1,正常,2025-07-30 18:43:52,2025-07-31
930,xiayan,女,40,佳市,2025-01-03 11:47:00,5,4,正常,2025-07-27 10:31:21,2025-07-31
931,sunqiang,未知,22,辛集县,2024-10-06 08:33:06,5,2,正常,2024-11-09 22:41:01,2025-07-31
932,xiulanzeng,男,44,南宁市,2024-08-22 17:37:23,3,1,正常,2024-09-08 02:16:09,2025-07-31
933,kongjuan,未知,43,上海县,2024-09-15 00:37:19,1,3,正常,2025-06-01 10:12:21,2025-07-31
934,tao27,男,49,婷县,2025-03-30 07:26:12,2,3,正常,2025-07-02 23:29:38,2025-07-31
935,na73,男,53,丹县,2025-01-02 09:33:50,3,3,正常,2025-02-01 01:03:00,2025-07-31
936,btang,男,60,潮州市,2024-10-13 02:29:04,4,2,正常,2025-06-25 10:59:35,2025-07-31
937,ming14,未知,62,上海县,2024-10-10 09:21:05,5,5,正常,2025-01-30 06:52:08,2025-07-31
938,lixu,女,42,婷婷市,2024-10-04 19:54:10,2,5,正常,2025-07-20 07:48:25,2025-07-31
939,juanye,男,63,太原市,2024-08-07 07:16:04,3,3,正常,2025-01-02 16:33:34,2025-07-31
940,xiuying82,男,35,凯县,2024-08-02 15:16:35,4,5,正常,2024-08-16 12:02:18,2025-07-31
941,xiabai,男,28,超市,2025-05-31 02:01:30,2,5,正常,2025-06-17 17:54:53,2025-07-31
942,jiaguiying,未知,22,杰县,2025-05-14 12:59:18,4,4,正常,2025-07-18 08:12:12,2025-07-31
943,taoyan,未知,63,潜江县,2025-01-26 16:25:07,5,4,正常,2025-04-22 10:06:52,2025-07-31
944,qliu,未知,35,北京市,2025-06-25 13:46:31,4,3,正常,2025-07-09 13:29:11,2025-07-31
945,yong25,男,38,强市,2024-08-15 00:37:48,5,5,正常,2024-08-22 19:56:39,2025-07-31
946,caoxiuying,男,59,琴市,2024-08-14 19:07:26,5,4,正常,2025-07-22 21:14:48,2025-07-31
947,chao85,女,62,海口市,2025-05-17 00:29:16,4,1,正常,2025-05-27 15:41:03,2025-07-31
948,dyao,男,42,兴城县,2025-02-21 23:38:56,3,5,正常,2025-05-14 11:40:09,2025-07-31
949,weipeng,女,59,台北市,2025-02-02 17:50:33,2,4,正常,2025-06-19 16:09:00,2025-07-31
950,li68,女,34,玉县,2025-06-07 11:52:02,1,2,正常,2025-07-29 20:50:30,2025-07-31
951,ming49,未知,49,上海县,2025-05-11 02:25:46,5,2,正常,2025-05-12 21:18:03,2025-07-31
952,glei,男,43,银川县,2025-04-19 11:49:16,2,4,正常,2025-06-05 14:26:41,2025-07-31
953,jie58,女,35,武汉市,2024-12-20 10:11:47,4,3,正常,2025-01-26 00:58:39,2025-07-31
954,wzou,女,60,齐齐哈尔县,2025-03-21 03:53:45,5,4,正常,2025-06-11 11:43:53,2025-07-31
955,yancui,女,21,潜江县,2025-04-02 12:51:11,4,3,正常,2025-05-28 12:40:03,2025-07-31
956,jiecai,未知,46,香港市,2024-10-26 02:07:11,5,5,正常,2025-02-03 08:19:53,2025-07-31
957,ping82,男,52,桂芝县,2025-05-27 06:53:35,5,4,正常,2025-07-21 23:38:14,2025-07-31
958,caixia,未知,34,晨市,2024-11-21 02:02:02,2,3,正常,2025-05-20 18:42:17,2025-07-31
959,juanduan,男,62,玉华县,2025-04-03 14:50:48,2,1,正常,2025-04-09 00:30:00,2025-07-31
960,chaosong,男,21,台北市,2025-06-26 14:02:26,4,1,正常,2025-07-09 16:21:34,2025-07-31
961,leixu,女,42,济南县,2024-09-21 22:47:56,3,1,正常,2024-11-11 01:04:07,2025-07-31
962,luyong,女,39,荣市,2025-04-06 12:52:32,4,4,正常,2025-06-19 09:39:18,2025-07-31
963,zhaoli,女,39,东莞县,2025-04-07 09:40:38,2,1,正常,2025-06-11 04:56:08,2025-07-31
964,xiuying13,男,24,哈尔滨市,2024-10-07 21:49:26,1,1,正常,2025-03-15 15:55:04,2025-07-31
965,jtao,女,40,杰县,2025-03-16 13:48:17,4,5,正常,2025-06-02 16:38:02,2025-07-31
966,lei90,男,55,张家港市,2025-06-30 04:08:11,2,1,正常,2025-07-06 01:21:26,2025-07-31
967,bjin,女,39,太原县,2024-10-28 18:02:13,1,4,正常,2024-11-16 06:04:48,2025-07-31
968,tli,未知,22,长沙市,2024-09-22 15:13:38,2,5,正常,2024-12-11 07:18:29,2025-07-31
969,mingduan,男,56,银川县,2024-12-19 23:30:23,2,3,正常,2025-03-14 13:55:57,2025-07-31
970,ping10,女,52,春梅县,2025-05-24 19:40:52,4,4,正常,2025-06-16 19:58:36,2025-07-31
971,wenxiulan,未知,51,南宁市,2024-12-26 10:48:07,1,1,正常,2025-06-08 14:13:49,2025-07-31
972,xliang,女,34,春梅市,2024-10-17 21:55:09,1,1,正常,2025-04-14 21:28:32,2025-07-31
973,zqiao,未知,37,海口市,2025-07-25 16:30:47,5,3,正常,2025-07-30 22:08:14,2025-07-31
974,yanliang,女,40,海口县,2025-04-24 10:02:20,2,1,正常,2025-07-23 08:57:44,2025-07-31
975,vtang,未知,36,岩县,2024-08-15 11:45:27,5,2,正常,2024-11-08 15:48:14,2025-07-31
976,mingtan,未知,39,天津县,2025-05-31 12:04:07,1,4,正常,2025-07-08 22:56:13,2025-07-31
977,yigang,男,22,北镇县,2024-12-11 16:16:27,3,3,正常,2025-06-10 10:08:08,2025-07-31
978,xiuying57,未知,48,佛山市,2025-04-20 09:42:25,4,4,正常,2025-04-28 07:15:16,2025-07-31
979,pingfang,女,62,佛山市,2024-11-02 16:04:07,4,2,正常,2025-06-21 14:32:23,2025-07-31
980,xiaqiao,男,36,丽华市,2025-05-06 04:59:34,3,5,正常,2025-05-28 06:28:36,2025-07-31
981,dengjuan,男,54,东莞县,2025-05-14 10:51:38,1,5,正常,2025-06-11 07:24:05,2025-07-31
982,pingxiong,男,46,兵市,2025-06-18 10:39:02,1,1,正常,2025-06-21 21:13:56,2025-07-31
983,xiulan55,女,22,关岭市,2024-12-04 00:31:42,4,5,正常,2025-07-22 19:20:27,2025-07-31
984,oqin,男,28,长沙市,2025-04-13 16:04:42,4,2,正常,2025-07-09 01:50:42,2025-07-31
985,gangxiao,未知,34,武汉县,2025-03-14 08:04:37,2,2,正常,2025-03-20 00:22:08,2025-07-31
986,shenwei,未知,59,宁德县,2025-06-26 23:23:01,5,1,正常,2025-07-29 15:09:51,2025-07-31
987,guiyingjiang,未知,38,玉县,2025-07-14 23:04:19,3,1,正常,2025-07-17 03:48:45,2025-07-31
988,xiuyingye,女,31,台北县,2025-02-05 09:56:21,3,3,正常,2025-07-05 17:34:44,2025-07-31
989,hqiu,女,50,建国县,2025-05-29 15:11:34,4,3,正常,2025-07-30 14:53:16,2025-07-31
990,zhoutao,未知,53,西宁县,2024-09-30 19:15:48,1,1,正常,2025-03-05 17:20:08,2025-07-31
991,guiying95,未知,50,呼和浩特县,2024-08-12 03:15:46,3,3,正常,2025-01-18 06:08:59,2025-07-31
992,taozheng,未知,45,欢市,2024-10-25 08:10:17,5,4,正常,2025-01-05 04:01:11,2025-07-31
993,tren,女,55,平县,2025-01-20 14:04:56,2,4,正常,2025-06-25 09:16:05,2025-07-31
994,chao78,男,41,哈尔滨县,2025-02-27 23:21:07,4,2,正常,2025-04-18 15:27:57,2025-07-31
995,kongwei,未知,50,南昌市,2024-08-22 21:54:38,3,2,正常,2024-10-16 08:09:34,2025-07-31
996,bhou,男,40,秀英市,2025-04-08 08:41:20,1,1,正常,2025-04-10 16:34:47,2025-07-31
997,taoxiang,男,58,北镇市,2025-03-21 23:26:14,3,1,正常,2025-07-20 02:43:17,2025-07-31
998,xiuying55,男,60,成都市,2024-12-05 02:32:10,2,1,正常,2025-02-24 23:37:12,2025-07-31
999,caojing,男,22,南京市,2024-09-02 05:33:31,2,3,正常,2025-05-14 04:18:03,2025-07-31
1000,hanxiulan,男,64,文市,2025-01-15 05:07:44,2,4,正常,2025-02-26 20:14:40,2025-07-31
